,,,,,,,,,,,,Scoring,Scoring,Scoring,Scoring,Goalie Stats,Goalie Stats,Goalie Stats,Goalie Stats,Goalie Stats,Point Shares,Point Shares,Point Shares,Point Shares
Place,Player,Age,Tm,Pos,Votes,Vote%,1st,2nd,3rd,4th,5th,G,A,PTS,+/-,W,L,T/O,GAA,SV%,OPS,DPS,GPS,PS
1,Nikita Kucherov\kucheni01,25,TBL,RW,1677,98.07,164,3,2,2,0,41,87,128,24,,,,,,12.3,2.3,0.0,14.6
2,Sidney Crosby\crosbsi01,31,PIT,C,739,43.22,3,65,33,26,11,35,65,100,18,,,,,,8.9,2.4,0.0,11.4
3,Connor McDavid\mcdavco01,22,EDM,C,465,27.19,1,35,23,22,29,41,75,116,3,,,,,,10.8,2.1,0.0,13.0
4,Johnny Gaudreau\gaudrjo01,25,CGY,LW,442,25.85,2,23,30,31,18,36,63,99,18,,,,,,8.8,2.1,0.0,10.9
5,Brad Marchand\marchbr03,30,BOS,LW,322,18.83,0,15,32,12,21,36,64,100,15,,,,,,9.2,2.5,0.0,11.7
6,Nathan MacKinnon\mackina01,23,COL,C,265,15.50,1,13,14,24,22,41,58,99,20,,,,,,9.1,2.7,0.0,11.8
7,Alex Ovechkin\ovechal01,33,WSH,LW,213,12.46,0,8,13,25,17,51,38,89,7,,,,,,9.2,1.8,0.0,11.0
8,Patrick Kane\kanepa01,30,CHI,RW,125,7.31,0,4,10,9,20,44,66,110,2,,,,,,10.2,1.6,0.0,11.8
9,Mark Giordano\giordma01,35,CGY,D,66,3.86,0,2,5,7,6,17,57,74,39,,,,,,6.7,5.9,0.0,12.6
10,Sebastian Aho\ahose01,21,CAR,C,21,1.23,0,1,2,1,1,30,53,83,25,,,,,,6.9,2.9,0.0,9.8
10,Jordan Binnington\binnijo01,25,STL,G,21,1.23,0,1,2,1,1,0,0,0,0,24,5,1,1.89,.927,0.0,0.0,6.0,6.0
12,Mark Stone\stonema01,26,TOT,RW,18,1.05,0,0,1,3,4,33,40,73,17,,,,,,6.3,2.4,0.0,8.7
13,Ryan O'Reilly\oreilry01,27,STL,C,15,0.88,0,0,2,1,2,28,49,77,22,,,,,,5.8,3.0,0.0,8.8
14,Steven Stamkos\stamkst01,28,TBL,C,12,0.70,0,1,0,1,2,45,53,98,4,,,,,,10.1,1.4,0.0,11.5
15,Patrice Bergeron\bergepa01,33,BOS,C,8,0.47,0,0,0,2,2,32,47,79,23,,,,,,7.7,2.3,0.0,10.1
16,Aleksander Barkov\barkoal01,23,FLA,C,7,0.41,0,0,0,2,1,35,61,96,-3,,,,,,7.9,2.1,0.0,10.0
17,Marc-Andre Fleury\fleurma01,34,VEG,G,7,0.41,0,0,0,1,4,0,2,2,0,35,21,5,2.51,.913,0.0,0.0,10.3,10.3
17,John Tavares\tavarjo01,28,TOR,C,7,0.41,0,0,0,1,4,47,41,88,19,,,,,,9.3,2.0,0.0,11.3
19,Ben Bishop\bishobe01,32,DAL,G,5,0.29,0,0,1,0,0,0,2,2,0,27,15,2,1.98,.934,0.0,0.0,10.8,10.8
19,Brent Burns\burnsbr01,33,SJS,D/RW,5,0.29,0,0,1,0,0,16,67,83,13,,,,,,7.3,4.7,0.0,12.0
21,Brayden Point\pointbr01,22,TBL,C,3,0.18,0,0,0,0,3,41,51,92,27,,,,,,9.1,2.3,0.0,11.4
22,Darcy Kuemper\kuempda01,28,ARI,G,1,0.06,0,0,0,0,1,0,2,2,0,27,20,8,2.33,.925,0.0,0.0,12.0,12.0
22,Mark Scheifele\scheima01,25,WPG,C,1,0.06,0,0,0,0,1,38,46,84,8,,,,,,7.3,2.2,0.0,9.4
22,Andrei Vasilevskiy\vasilan02,24,TBL,G,1,0.06,0,0,0,0,1,0,3,3,0,39,10,4,2.40,.925,0.0,0.0,12.4,12.4
1,Taylor Hall\hallta02,26,NJD,LW,1264,77.07,72,62,19,4,3,39,54,93,14,,,,,,9.9,2.3,0.0,12.2
2,Nathan MacKinnon\mackina01,22,COL,C,1194,72.80,60,66,19,11,4,39,58,97,11,,,,,,10.0,2.2,0.0,12.2
3,Anze Kopitar\kopitan01,30,LAK,C,551,33.60,11,11,41,49,12,35,57,92,21,,,,,,7.9,3.1,0.0,11.0
4,Claude Giroux\giroucl01,30,PHI,LW,546,33.29,10,10,44,45,21,34,68,102,28,,,,,,9.0,2.8,0.0,11.8
5,Connor McDavid\mcdavco01,21,EDM,C,270,16.46,6,5,19,16,32,41,67,108,20,,,,,,10.5,2.6,0.0,13.1
6,Nikita Kucherov\kucheni01,24,TBL,RW,166,10.12,0,6,8,15,39,39,61,100,15,,,,,,9.8,1.8,0.0,11.6
7,Evgeni Malkin\malkiev01,31,PIT,C,97,5.91,3,2,6,5,8,42,56,98,16,,,,,,10.2,2.2,0.0,12.4
8,Blake Wheeler\wheelbl01,31,WPG,RW,69,4.21,1,2,1,6,22,23,68,91,13,,,,,,7.1,2.1,0.0,9.2
9,Alex Ovechkin\ovechal01,32,WSH,LW,37,2.26,0,0,2,5,12,49,38,87,3,,,,,,9.3,1.9,0.0,11.2
10,William Karlsson\karlswi01,25,VEG,C,32,1.95,1,0,3,2,1,43,35,78,49,,,,,,8.3,3.5,0.0,11.8
11,Brad Marchand\marchbr03,29,BOS,LW,10,0.61,0,0,2,0,0,34,51,85,25,,,,,,8.4,2.5,0.0,11.0
12,Pekka Rinne\rinnepe01,35,NSH,G,9,0.55,0,0,0,2,3,0,1,1,0,42,13,4,2.31,.927,0.0,0.0,13.2,13.2
13,Connor Hellebuyck\helleco01,24,WPG,G,5,0.30,0,0,0,1,2,0,2,2,0,44,11,9,2.36,.924,0.0,0.0,14.0,14.0
14,Artemi Panarin\panarar01,26,CBJ,LW,4,0.24,0,0,0,1,1,27,55,82,23,,,,,,6.8,2.6,0.0,9.4
15,Sergei Bobrovsky\bobrose01,29,CBJ,G,3,0.18,0,0,0,1,0,0,3,3,0,37,22,6,2.42,.921,0.0,0.0,12.9,12.9
15,Drew Doughty\doughdr01,28,LAK,D,3,0.18,0,0,0,1,0,10,50,60,23,,,,,,4.4,7.3,0.0,11.7
17,Patrice Bergeron\bergepa01,32,BOS,C,1,0.06,0,0,0,0,1,30,33,63,21,,,,,,6.0,2.3,0.0,8.3
17,Sidney Crosby\crosbsi01,30,PIT,C,1,0.06,0,0,0,0,1,29,60,89,0,,,,,,7.3,1.8,0.0,9.1
17,Victor Hedman\hedmavi01,27,TBL,D,1,0.06,0,0,0,0,1,17,46,63,32,,,,,,5.7,5.2,0.0,11.0
17,Eric Staal\staaler01,33,MIN,C,1,0.06,0,0,0,0,1,42,34,76,8,,,,,,8.0,1.8,0.0,9.8
1,Connor McDavid\mcdavco01,20,EDM,C,1604,96.05,147,17,3,0,0,30,70,100,27,,,,,,9.7,3.0,0.0,12.8
2,Sidney Crosby\crosbsi01,29,PIT,C,1104,66.11,14,119,19,11,3,44,45,89,17,,,,,,10.5,1.7,0.0,12.3
3,Sergei Bobrovsky\bobrose01,28,CBJ,G,469,28.08,4,17,40,29,23,0,0,0,0,41,17,5,2.06,.931,0.0,0.0,14.9,14.9
4,Brent Burns\burnsbr01,31,SJS,D,273,16.35,1,3,25,29,30,29,47,76,19,,,,,,8.9,6.4,0.0,15.3
5,Erik Karlsson\karlser01,26,OTT,D,258,15.45,0,5,28,23,14,17,54,71,10,,,,,,7.2,5.7,0.0,12.9
6,Patrick Kane\kanepa01,28,CHI,RW,206,12.34,0,3,20,20,25,34,55,89,11,,,,,,8.7,2.1,0.0,10.8
7,Brad Marchand\marchbr03,28,BOS,LW,184,11.02,1,1,14,22,31,39,46,85,18,,,,,,9.8,2.8,0.0,12.6
8,Nikita Kucherov\kucheni01,23,TBL,RW,119,7.13,0,0,11,15,19,40,45,85,13,,,,,,9.7,2.2,0.0,12.0
9,Nicklas Backstrom\backsni02,29,WSH,C,60,3.59,0,0,3,11,12,23,63,86,17,,,,,,7.8,2.1,0.0,9.9
10,Braden Holtby\holtbbr01,27,WSH,G,19,1.14,0,0,2,3,0,0,0,0,0,42,13,6,2.07,.925,0.0,0.0,12.3,12.3
11,Auston Matthews\matthau01,19,TOR,C,17,1.02,0,0,2,1,4,40,29,69,2,,,,,,8.2,1.5,0.0,9.7
12,Alex Ovechkin\ovechal01,31,WSH,LW,7,0.42,0,1,0,0,0,33,36,69,6,,,,,,7.0,1.7,0.0,8.7
12,Ryan Suter\suterry01,32,MIN,D,7,0.42,0,1,0,0,0,9,31,40,34,,,,,,2.7,6.6,0.0,9.3
14,Victor Hedman\hedmavi01,26,TBL,D,5,0.30,0,0,0,1,2,16,56,72,3,,,,,,7.3,4.7,0.0,12.0
15,Devan Dubnyk\dubnyde01,30,MIN,G,4,0.24,0,0,0,1,1,0,0,0,0,40,19,5,2.25,.923,0.0,0.0,13.1,13.1
15,Vladimir Tarasenko\tarasvl01,25,STL,RW,4,0.24,0,0,0,1,1,39,36,75,-1,,,,,,8.4,1.7,0.0,10.2
17,Cam Atkinson\atkinca01,27,CBJ,RW,1,0.06,0,0,0,0,1,35,27,62,13,,,,,,6.8,2.0,0.0,8.9
17,Cam Talbot\talboca01,29,EDM,G,1,0.06,0,0,0,0,1,0,0,0,0,42,22,8,2.39,.919,0.0,0.0,14.0,14.0
1,Patrick Kane\kanepa01,27,CHI,RW,1395,93.00,121,22,5,2,0,46,60,106,17,,,,,,12.4,2.6,0.0,15.0
2,Sidney Crosby\crosbsi01,28,PIT,C,800,53.33,11,64,31,24,15,36,49,85,19,,,,,,9.1,2.4,0.0,11.5
3,Jamie Benn\bennja01,26,DAL,LW,637,42.47,8,34,40,34,17,41,48,89,7,,,,,,10.3,1.7,0.0,12.1
4,Braden Holtby\holtbbr01,26,WSH,G,292,19.47,5,13,19,13,17,0,1,1,0,48,9,7,2.20,.922,0.0,0.0,12.1,12.1
5,Joe Thornton\thornjo01,36,SJS,C,267,17.80,0,8,19,31,23,19,63,82,25,,,,,,7.1,2.9,0.0,10.0
6,Alex Ovechkin\ovechal01,30,WSH,LW,212,14.13,2,6,18,13,21,50,21,71,21,,,,,,9.1,2.6,0.0,11.7
7,Jaromir Jagr\jagrja01,43,FLA,RW,60,4.00,1,1,5,4,6,27,39,66,23,,,,,,6.9,2.3,0.0,9.2
8,Anze Kopitar\kopitan01,28,LAK,C,53,3.53,1,0,2,8,9,25,49,74,34,,,,,,6.5,3.3,0.0,9.7
9,Erik Karlsson\karlser01,25,OTT,D,44,2.93,0,1,4,2,11,16,66,82,-2,,,,,,8.4,3.2,0.0,11.7
10,Ben Bishop\bishobe01,29,TBL,G,42,2.80,1,1,1,4,8,0,1,1,0,35,21,4,2.06,.926,0.0,0.0,12.2,12.2
11,Drew Doughty\doughdr01,26,LAK,D,29,1.93,0,0,2,5,4,14,37,51,24,,,,,,4.5,7.1,0.0,11.6
12,Vladimir Tarasenko\tarasvl01,24,STL,RW,13,0.87,0,0,1,1,5,40,34,74,7,,,,,,8.7,2.1,0.0,10.8
13,John Tavares\tavarjo01,25,NYI,C,10,0.67,0,0,0,2,4,33,37,70,6,,,,,,7.4,1.9,0.0,9.3
14,Joe Pavelski\paveljo01,31,SJS,C,8,0.53,0,0,0,2,2,38,40,78,25,,,,,,8.4,3.0,0.0,11.5
15,Roberto Luongo\luongro01,36,FLA,G,8,0.53,0,0,0,1,5,0,2,2,0,35,19,6,2.35,.922,0.0,0.0,12.1,12.1
16,Claude Giroux\giroucl01,28,PHI,C,6,0.40,0,0,1,0,1,22,45,67,-8,,,,,,5.4,1.5,0.0,6.9
17,Henrik Lundqvist\lundqhe01,33,NYR,G,5,0.33,0,0,1,0,0,0,4,4,0,35,21,7,2.48,.920,0.0,0.0,12.6,12.6
17,Cory Schneider\schneco01,29,NJD,G,5,0.33,0,0,1,0,0,0,0,0,0,27,25,6,2.15,.924,0.0,0.0,11.1,11.1
19,Evgeny Kuznetsov\kuzneev01,23,WSH,C,4,0.27,0,0,0,1,1,20,57,77,27,,,,,,6.9,2.6,0.0,9.6
20,Brent Burns\burnsbr01,30,SJS,D,3,0.20,0,0,0,1,0,27,48,75,-5,,,,,,8.8,4.1,0.0,12.9
20,Ryan Getzlaf\getzlry01,30,ANA,C,3,0.20,0,0,0,1,0,13,50,63,14,,,,,,4.4,2.6,0.0,7.0
20,Ryan Kesler\keslery01,31,ANA,C,3,0.20,0,0,0,1,0,21,32,53,5,,,,,,4.1,2.3,0.0,6.4
23,Kris Letang\letankr01,28,PIT,D,1,0.07,0,0,0,0,1,16,51,67,9,,,,,,7.0,4.3,0.0,11.3
1,Carey Price\priceca01,27,MTL,G,1498,95.41,139,14,2,0,0,0,1,1,0,44,16,6,1.96,.933,0.0,0.0,16.2,16.2
2,Alex Ovechkin\ovechal01,29,WSH,LW,888,56.56,8,75,45,18,4,53,28,81,10,,,,,,10.4,2.2,0.0,12.6
3,John Tavares\tavarjo01,24,NYI,C,739,47.07,4,41,63,27,16,38,48,86,5,,,,,,9.5,1.8,0.0,11.2
4,Devan Dubnyk\dubnyde01,28,TOT,G,410,26.11,6,16,25,30,23,0,2,2,0,36,14,4,2.07,.929,0.0,0.0,12.6,12.6
5,Sidney Crosby\crosbsi01,27,PIT,C,138,8.79,0,2,3,25,34,28,56,84,5,,,,,,8.2,2.0,0.0,10.3
6,Ryan Getzlaf\getzlry01,29,ANA,C,124,7.90,0,2,6,20,20,25,45,70,15,,,,,,6.5,2.1,0.0,8.6
7,Rick Nash\nashri01,30,NYR,LW,70,4.46,0,1,4,9,16,42,27,69,29,,,,,,8.9,2.5,0.0,11.4
8,Pekka Rinne\rinnepe01,32,NSH,G,49,3.12,0,2,4,4,3,0,1,1,0,41,17,6,2.18,.923,0.0,0.0,12.6,12.6
9,Erik Karlsson\karlser01,24,OTT,D,32,2.04,0,1,1,5,5,21,45,66,7,,,,,,7.2,4.7,0.0,11.9
10,Jonathan Toews\toewsjo01,26,CHI,C,31,1.97,0,1,3,2,3,28,38,66,30,,,,,,6.2,3.2,0.0,9.4
11,Steven Stamkos\stamkst01,24,TBL,C,29,1.85,0,1,0,5,7,43,29,72,2,,,,,,8.6,1.5,0.0,10.1
12,Jamie Benn\bennja01,25,DAL,LW,23,1.46,0,0,0,5,8,35,52,87,1,,,,,,9.3,1.5,0.0,10.7
13,Jiri Hudler\hudleji01,31,CGY,C,16,1.02,0,1,0,3,0,31,45,76,17,,,,,,7.9,2.2,0.0,10.2
14,Vladimir Tarasenko\tarasvl01,23,STL,RW,14,0.89,0,0,0,3,5,37,36,73,27,,,,,,8.5,2.6,0.0,11.2
15,Andrew Hammond\hammoan01,26,OTT,G,9,0.57,0,0,0,1,6,0,1,1,0,20,1,2,1.79,.941,0.0,0.0,6.5,6.5
16,P.K. Subban\subbapk01,25,MTL,D,5,0.32,0,0,1,0,0,15,45,60,21,,,,,,5.8,6.6,0.0,12.4
17,Drew Doughty\doughdr01,25,LAK,D,2,0.13,0,0,0,0,2,7,39,46,3,,,,,,3.0,5.6,0.0,8.6
18,Dustin Byfuglien\byfugdu01,29,WPG,D,1,0.06,0,0,0,0,1,18,27,45,5,,,,,,5.3,3.5,0.0,8.8
18,Marc-Andre Fleury\fleurma01,30,PIT,G,1,0.06,0,0,0,0,1,0,1,1,0,34,20,9,2.32,.920,0.0,0.0,12.2,12.2
18,Braden Holtby\holtbbr01,25,WSH,G,1,0.06,0,0,0,0,1,0,2,2,0,41,20,10,2.22,.923,0.0,0.0,14.4,14.4
18,Zach Parise\parisza01,30,MIN,LW,1,0.06,0,0,0,0,1,33,29,62,21,,,,,,6.9,2.5,0.0,9.4
18,Shea Weber\webersh01,29,NSH,D,1,0.06,0,0,0,0,1,15,30,45,15,,,,,,4.2,5.4,0.0,9.6
1,Sidney Crosby\crosbsi01,26,PIT,C,1340,97.81,128,8,1,0,0,36,68,104,18,,,,,,10.7,2.8,0.0,13.5
2,Ryan Getzlaf\getzlry01,28,ANA,C,877,64.01,5,96,28,5,0,31,56,87,28,,,,,,8.8,2.4,0.0,11.2
3,Claude Giroux\giroucl01,26,PHI,C,435,31.75,2,15,42,27,19,28,58,86,7,,,,,,8.1,2.1,0.0,10.2
4,Semyon Varlamov\varlasi01,25,COL,G,256,18.69,1,8,23,22,9,0,3,3,,41,14,6,2.41,.927,0.0,0.0,15.5,15.5
5,Patrice Bergeron\bergepa01,28,BOS,C,137,10.00,0,4,9,17,13,30,32,62,38,,,,,,6.4,2.8,0.0,9.2
6,Tyler Seguin\seguity01,22,DAL,C,84,6.13,0,1,6,12,11,37,47,84,16,,,,,,9.3,2.2,0.0,11.6
7,Joe Pavelski\paveljo01,29,SJS,C,71,5.18,0,0,3,11,23,41,38,79,23,,,,,,8.8,2.8,0.0,11.5
8,Anze Kopitar\kopitan01,26,LAK,C,58,4.23,0,0,4,9,11,29,41,70,34,,,,,,6.4,3.7,0.0,10.0
9,Jonathan Toews\toewsjo01,25,CHI,C,53,3.87,0,2,4,4,7,28,40,68,26,,,,,,6.4,2.3,0.0,8.7
10,Ben Bishop\bishobe01,27,TBL,G,52,3.80,0,0,5,6,9,0,2,2,,37,14,7,2.23,.924,0.0,0.0,12.9,12.9
11,Tuukka Rask\rasktu01,26,BOS,G,35,2.55,0,1,2,5,3,0,2,2,,36,15,6,2.04,.930,0.0,0.0,13.1,13.1
12,Jamie Benn\bennja01,24,DAL,C,35,2.55,0,1,2,4,6,34,45,79,21,,,,,,8.4,2.5,0.0,10.9
13,Corey Perry\perryco01,28,ANA,RW,29,2.12,0,0,3,4,2,43,39,82,32,,,,,,9.7,2.5,0.0,12.3
14,Carey Price\priceca01,26,MTL,G,20,1.46,1,0,1,0,5,0,2,2,,34,20,5,2.32,.927,0.0,0.0,13.9,13.9
15,Duncan Keith\keithdu01,30,CHI,D,19,1.39,0,0,1,3,5,6,55,61,22,,,,,,5.1,4.9,0.0,10.0
16,Gustav Nyquist\nyquigu01,24,DET,RW,13,0.95,0,1,0,2,0,28,20,48,16,,,,,,6.0,1.7,0.0,7.7
17,Matt Duchene\duchema01,23,COL,C,11,0.80,0,0,1,1,3,23,47,70,8,,,,,,6.6,1.5,0.0,8.1
18,Alex Steen\steenal01,29,STL,LW,9,0.66,0,0,1,1,1,33,29,62,17,,,,,,6.7,2.3,0.0,9.1
18,John Tavares\tavarjo01,23,NYI,C,9,0.66,0,0,1,1,1,24,42,66,-6,,,,,,6.7,1.1,0.0,7.7
20,Patrick Sharp\sharppa01,32,CHI,LW,7,0.51,0,0,0,2,1,34,44,78,13,,,,,,8.2,1.8,0.0,10.0
21,Shea Weber\webersh01,28,NSH,D,4,0.29,0,0,0,1,1,23,33,56,-2,,,,,,6.2,4.5,0.0,10.8
22,Joe Thornton\thornjo01,34,SJS,C,3,0.22,0,0,0,0,3,11,65,76,20,,,,,,5.3,2.6,0.0,7.9
23,Jaromir Jagr\jagrja01,41,NJD,RW,1,0.07,0,0,0,0,1,24,43,67,16,,,,,,5.8,2.9,0.0,8.7
23,Patrick Marleau\marlepa01,34,SJS,LW,1,0.07,0,0,0,0,1,33,37,70,0,,,,,,6.7,1.8,0.0,8.6
23,Alex Ovechkin\ovechal01,28,WSH,LW,1,0.07,0,0,0,0,1,51,28,79,-35,,,,,,9.9,0.3,0.0,10.2
23,Ryan Suter\suterry01,29,MIN,D,1,0.07,0,0,0,0,1,8,35,43,15,,,,,,2.6,6.9,0.0,9.5
1,Alex Ovechkin\ovechal01,27,WSH,RW,1090,60.89,50,43,40,27,8,32,24,56,2,,,,,,7.0,1.0,0.0,8.0
2,Sidney Crosby\crosbsi01,25,PIT,C,1058,59.11,46,42,41,29,12,15,41,56,26,,,,,,5.8,1.7,0.0,7.5
3,John Tavares\tavarjo01,22,NYI,C,919,51.34,38,38,33,29,21,28,19,47,-2,,,,,,5.6,1.0,0.0,6.6
4,Jonathan Toews\toewsjo01,24,CHI,C,886,49.50,39,35,29,29,19,23,25,48,28,,,,,,5.6,2.0,0.0,7.6
5,Sergei Bobrovsky\bobrose01,24,CBJ,G,311,17.37,4,12,13,25,47,0,0,0,0,21,11,6,2.00,.932,0.0,0.0,9.2,9.2
6,Patrick Kane\kanepa01,24,CHI,RW,157,8.77,2,6,9,14,8,23,32,55,11,,,,,,6.3,1.3,0.0,7.6
7,Ryan Getzlaf\getzlry01,27,ANA,C,96,5.36,0,0,8,11,23,15,34,49,14,,,,,,4.6,1.5,0.0,6.1
8,Steven Stamkos\stamkst01,22,TBL,C,28,1.56,0,1,2,2,5,29,28,57,-4,,,,,,6.4,0.7,0.0,7.1
9,Martin St. Louis\stlouma01,37,TBL,RW,20,1.12,0,1,0,2,7,17,43,60,0,,,,,,5.4,0.8,0.0,6.3
10,Pavel Datsyuk\datsypa01,34,DET,C,18,1.01,0,0,1,2,7,15,34,49,21,,,,,,4.5,2.1,0.0,6.5
11,Antti Niemi\niemian02,29,SJS,G,11,0.61,0,0,0,1,8,0,1,1,0,24,12,6,2.16,.924,0.0,0.0,9.2,9.2
12,Craig Anderson\andercr01,31,OTT,G,10,0.56,0,1,0,1,0,0,0,0,0,12,9,2,1.69,.941,0.0,0.0,6.5,6.5
13,P.K. Subban\subbapk01,23,MTL,D,10,0.56,0,0,1,1,2,11,27,38,12,,,,,,4.3,2.9,0.0,7.1
14,Henrik Sedin\sedinhe01,32,VAN,C,5,0.28,0,0,1,0,0,11,34,45,19,,,,,,3.8,1.9,0.0,5.6
14,Evgeni Nabokov\nabokev01,37,NYI,G,5,0.28,0,0,1,0,0,0,4,4,0,23,11,7,2.50,.910,0.0,0.0,6.7,6.7
16,Chris Kunitz\kunitch01,33,PIT,LW,5,0.28,0,0,0,1,2,22,30,52,30,,,,,,5.8,2.0,0.0,7.8
17,Niklas Backstrom\backsni01,34,MIN,G,3,0.17,0,0,0,1,0,0,0,0,0,24,15,3,2.48,.909,0.0,0.0,6.2,6.2
17,Patrice Bergeron\bergepa01,27,BOS,C,3,0.17,0,0,0,1,0,10,22,32,24,,,,,,2.4,1.9,0.0,4.3
17,Ilya Kovalchuk\kovalil01,29,NJD,LW,3,0.17,0,0,0,1,0,11,20,31,-6,,,,,,2.3,1.0,0.0,3.3
17,Carey Price\priceca01,25,MTL,G,3,0.17,0,0,0,1,0,0,0,0,0,21,13,4,2.59,.905,0.0,0.0,5.4,5.4
17,Ryan Suter\suterry01,28,MIN,D,3,0.17,0,0,0,1,0,4,28,32,2,,,,,,2.4,3.6,0.0,6.0
22,Henrik Zetterberg\zettehe01,32,DET,LW,3,0.17,0,0,0,0,3,11,37,48,2,,,,,,3.9,1.2,0.0,5.2
23,Francois Beauchemin\beaucfr01,32,ANA,D,1,0.06,0,0,0,0,1,6,18,24,19,,,,,,2.0,3.8,0.0,5.8
23,Jeff Carter\carteje01,28,LAK,C,1,0.06,0,0,0,0,1,26,7,33,0,,,,,,4.2,1.0,0.0,5.2
23,Pascal Dupuis\dupuipa01,33,PIT,LW,1,0.06,0,0,0,0,1,20,18,38,31,,,,,,4.1,2.0,0.0,6.1
23,Henrik Lundqvist\lundqhe01,30,NYR,G,1,0.06,0,0,0,0,1,0,1,1,0,24,16,3,2.05,.926,0.0,0.0,9.3,9.3
23,Zach Parise\parisza01,28,MIN,C,1,0.06,0,0,0,0,1,18,20,38,2,,,,,,3.4,1.3,0.0,4.8
23,James Reimer\reimeja01,24,TOR,G,1,0.06,0,0,0,0,1,0,1,1,0,19,8,5,2.46,.924,0.0,0.0,7.5,7.5
23,Eric Staal\staaler01,28,CAR,C,1,0.06,0,0,0,0,1,18,35,53,5,,,,,,5.2,1.2,0.0,6.4
1,Evgeni Malkin\malkiev01,25,PIT,C,1473,98.86,144,4,1,0,0,50,59,109,18,,,,,,13.4,2.3,0.0,15.7
2,Steven Stamkos\stamkst01,21,TBL,C,598,40.13,1,54,24,24,18,60,37,97,7,,,,,,12.8,1.9,0.0,14.6
3,Henrik Lundqvist\lundqhe01,29,NYR,G,556,37.32,3,35,36,28,17,0,2,2,0,39,18,5,1.97,.930,0.0,0.0,14.1,14.1
4,Claude Giroux\giroucl01,24,PHI,RW,458,30.74,0,25,34,28,29,28,65,93,6,,,,,,8.9,1.6,0.0,10.6
5,Jonathan Quick\quickjo01,26,LAK,G,357,23.96,1,22,23,19,21,0,2,2,0,35,21,13,1.95,.929,0.0,0.0,14.7,14.7
6,Jason Spezza\spezzja01,28,OTT,C,134,8.99,0,2,14,11,17,34,50,84,11,,,,,,8.8,1.7,0.0,10.5
7,Pekka Rinne\rinnepe01,29,NSH,G,64,4.30,0,4,2,6,8,0,5,5,0,43,18,8,2.39,.923,0.0,0.0,15.5,15.5
8,Erik Karlsson\karlser01,21,OTT,D,52,3.49,0,0,4,7,11,19,59,78,16,,,,,,8.6,4.5,0.0,13.1
9,Henrik Sedin\sedinhe01,31,VAN,C,40,2.68,0,2,2,5,1,14,67,81,23,,,,,,6.1,2.6,0.0,8.7
10,Ilya Kovalchuk\kovalil01,28,NJD,LW,38,2.55,0,1,2,5,6,37,46,83,-9,,,,,,8.2,2.3,0.0,10.5
11,Mike Smith\smithmi01,29,PHX,G,16,1.07,0,0,0,4,4,0,2,2,0,38,18,10,2.21,.930,0.0,0.0,16.7,16.7
12,Zdeno Chara\charazd01,34,BOS,D,15,1.01,0,0,1,3,1,12,40,52,33,,,,,,5.1,5.9,0.0,10.9
13,Shea Weber\webersh01,26,NSH,D,12,0.81,0,0,1,2,1,19,30,49,21,,,,,,5.2,6.2,0.0,11.4
14,Pavel Datsyuk\datsypa01,33,DET,C,11,0.74,0,0,1,1,3,19,48,67,21,,,,,,5.7,2.2,0.0,7.9
15,Brian Elliott\elliobr01,26,STL,G,10,0.67,0,0,1,1,2,0,0,0,0,23,10,4,1.56,.940,0.0,0.0,9.0,9.0
16,Ray Whitney\whitnra01,39,PHX,LW,8,0.54,0,0,1,1,0,24,53,77,26,,,,,,6.9,2.8,0.0,9.7
16,Marian Gaborik\gaborma01,29,NYR,RW,8,0.54,0,0,1,0,3,41,35,76,15,,,,,,8.6,2.6,0.0,11.2
18,Patrice Bergeron\bergepa01,26,BOS,C,7,0.47,0,0,0,2,1,22,42,64,36,,,,,,5.7,2.7,0.0,8.3
19,David Backes\backeda01,27,STL,RW,6,0.40,0,0,1,0,1,24,30,54,15,,,,,,4.2,2.8,0.0,7.0
20,Brian Campbell\campbbr02,32,FLA,D,3,0.20,0,0,0,1,0,4,49,53,-9,,,,,,3.8,4.6,0.0,8.4
20,Radim Vrbata\vrbatra01,30,PHX,RW,3,0.20,0,0,0,1,0,35,27,62,24,,,,,,6.8,2.6,0.0,9.3
22,Jamie Benn\bennja01,22,DAL,LW,2,0.13,0,0,0,0,2,26,37,63,15,,,,,,6.2,2.0,0.0,8.2
22,James Neal\nealja01,24,PIT,LW,2,0.13,0,0,0,0,2,40,41,81,6,,,,,,9.3,1.7,0.0,11.0
24,Marian Hossa\hossama01,33,CHI,RW,1,0.07,0,0,0,0,1,29,48,77,18,,,,,,7.3,2.1,0.0,9.4
1,Corey Perry\perryco01,25,ANA,RW,1043,82.78,67,47,8,1,1,50,48,98,9,,,,,,10.8,2.5,0.0,13.3
2,Daniel Sedin\sedinda01,30,VAN,LW,960,76.19,51,56,9,4,1,41,63,104,30,,,,,,11.5,2.8,0.0,14.3
3,Martin St. Louis\stlouma01,35,TBL,RW,332,26.35,1,6,36,28,16,31,68,99,0,,,,,,9.3,2.0,0.0,11.3
4,Pekka Rinne\rinnepe01,28,NSH,G,175,13.89,1,2,17,17,15,0,0,0,0,33,22,9,2.12,.930,0.0,0.0,15.1,15.1
5,Tim Thomas\thomati01,36,BOS,G,171,13.57,1,5,15,12,15,0,3,3,0,35,11,9,2.00,.938,0.0,0.0,16.2,16.2
6,Jonathan Toews\toewsjo01,22,CHI,C,107,8.49,0,2,7,15,13,32,44,76,25,,,,,,7.1,2.7,0.0,9.8
7,Carey Price\priceca01,23,MTL,G,90,7.14,2,0,10,4,8,0,2,2,0,38,28,6,2.35,.923,0.0,0.0,15.4,15.4
8,Ryan Kesler\keslery01,26,VAN,C,69,5.48,1,3,4,5,3,41,32,73,24,,,,,,7.6,2.7,0.0,10.4
9,Marc-Andre Fleury\fleurma01,26,PIT,G,58,4.60,1,3,1,6,4,0,1,1,0,36,20,5,2.32,.918,0.0,0.0,11.4,11.4
10,Henrik Sedin\sedinhe01,30,VAN,C,57,4.52,0,1,3,8,4,19,75,94,26,,,,,,7.8,2.7,0.0,10.5
11,Steven Stamkos\stamkst01,20,TBL,C,41,3.25,0,0,2,9,4,45,46,91,3,,,,,,10.1,2.0,0.0,12.2
12,Jarome Iginla\iginlja01,33,CGY,RW,31,2.46,0,1,1,4,7,43,43,86,0,,,,,,9.2,1.8,0.0,11.0
13,Zdeno Chara\charazd01,33,BOS,D,23,1.83,0,0,2,4,1,14,30,44,33,,,,,,4.0,6.0,0.0,10.0
14,Alex Ovechkin\ovechal01,25,WSH,LW,19,1.51,0,0,0,4,7,32,53,85,24,,,,,,8.1,3.0,0.0,11.1
14,Henrik Lundqvist\lundqhe01,28,NYR,G,19,1.51,0,0,1,2,8,0,4,4,0,36,27,5,2.28,.923,0.0,0.0,14.0,14.0
16,Henrik Zetterberg\zettehe01,30,DET,LW,16,1.27,0,0,2,1,3,24,56,80,-1,,,,,,6.8,1.4,0.0,8.2
17,Roberto Luongo\luongro01,31,VAN,G,15,1.19,1,0,1,0,0,0,3,3,0,38,15,7,2.11,.928,0.0,0.0,13.6,13.6
18,Ilya Bryzgalov\bryzgil01,30,PHX,G,13,1.03,0,0,2,0,3,0,0,0,0,36,20,10,2.48,.921,0.0,0.0,14.7,14.7
19,Nicklas Lidstrom\lidstni01,40,DET,D,11,0.87,0,0,2,0,1,16,46,62,-2,,,,,,6.2,3.3,0.0,9.5
20,Sidney Crosby\crosbsi01,23,PIT,C,5,0.40,0,0,1,0,0,32,34,66,20,,,,,,8.2,1.9,0.0,10.1
20,Ryan Getzlaf\getzlry01,25,ANA,C,5,0.40,0,0,1,0,0,19,57,76,14,,,,,,6.1,2.3,0.0,8.4
20,Kris Letang\letankr01,23,PIT,D,5,0.40,0,0,1,0,0,8,42,50,15,,,,,,4.1,5.7,0.0,9.8
23,Chris Pronger\prongch01,36,PHI,D,3,0.24,0,0,0,1,0,4,21,25,7,,,,,,1.9,2.3,0.0,4.2
23,Lubomir Visnovsky\visnolu01,34,ANA,D,3,0.24,0,0,0,1,0,18,50,68,18,,,,,,7.0,5.8,0.0,12.8
25,Shea Weber\webersh01,25,NSH,D,2,0.16,0,0,0,0,2,16,32,48,7,,,,,,4.6,5.5,0.0,10.1
26,Patrick Marleau\marlepa01,31,SJS,C,1,0.08,0,0,0,0,1,37,36,73,-3,,,,,,7.1,1.7,0.0,8.8
26,Ryan Miller\millery01,30,BUF,G,1,0.08,0,0,0,0,1,0,2,2,0,34,22,8,2.59,.916,0.0,0.0,12.4,12.4
26,Keith Yandle\yandlke01,24,PHX,D,1,0.08,0,0,0,0,1,11,48,59,12,,,,,,5.4,4.5,0.0,9.9
1,Henrik Sedin\sedinhe01,29,VAN,C,894,67.22,46,34,27,19,4,29,83,112,35,,,,,,10.6,2.9,0.0,13.5
2,Alex Ovechkin\ovechal01,24,WSH,LW,834,62.71,40,35,22,22,13,50,59,109,45,,,,,,13.0,2.5,0.0,15.6
3,Sidney Crosby\crosbsi01,22,PIT,C,729,54.81,20,35,38,29,7,51,58,109,15,,,,,,12.2,2.4,0.0,14.7
4,Ryan Miller\millery01,29,BUF,G,505,37.97,13,22,24,27,20,0,0,0,0,41,18,8,2.22,.929,0.0,0.0,16.8,16.8
5,Ilya Bryzgalov\bryzgil01,29,PHX,G,354,26.62,13,6,17,22,31,0,1,1,0,42,20,6,2.29,.920,0.0,0.0,13.9,13.9
6,Steven Stamkos\stamkst01,19,TBL,C,28,2.11,0,0,2,3,9,51,44,95,-2,,,,,,10.9,1.9,0.0,12.8
7,Patrick Kane\kanepa01,21,CHI,RW,17,1.28,0,1,0,2,4,30,58,88,16,,,,,,8.1,2.2,0.0,10.3
8,Martin Brodeur\brodema01,37,NJD,G,16,1.20,0,0,2,0,6,0,3,3,0,45,25,6,2.24,.916,0.0,0.0,13.2,13.2
9,Craig Anderson\andercr01,28,COL,G,10,0.75,1,0,0,0,0,0,3,3,0,38,25,7,2.63,.917,0.0,0.0,14.8,14.8
9,Patrick Marleau\marlepa01,30,SJS,C,10,0.75,0,0,0,3,1,44,39,83,21,,,,,,8.8,2.6,0.0,11.4
9,Nicklas Backstrom\backsni02,22,WSH,C,10,0.75,0,0,0,2,4,33,68,101,37,,,,,,10.0,2.2,0.0,12.2
12,Joe Thornton\thornjo01,30,SJS,C,9,0.68,0,0,0,1,6,20,69,89,17,,,,,,7.3,2.2,0.0,9.6
13,Zach Parise\parisza01,25,NJD,C,7,0.53,0,0,1,0,2,38,44,82,24,,,,,,8.4,3.1,0.0,11.5
14,Mike Green\greenmi03,24,WSH,D,5,0.38,0,0,0,1,2,19,57,76,39,,,,,,8.2,4.8,0.0,13.0
15,Zdeno Chara\charazd01,32,BOS,D,3,0.23,0,0,0,1,0,7,37,44,19,,,,,,3.1,7.2,0.0,10.2
15,Duncan Keith\keithdu01,26,CHI,D,3,0.23,0,0,0,0,3,14,55,69,21,,,,,,6.3,6.2,0.0,12.6
17,Drew Doughty\doughdr01,20,LAK,D,2,0.15,0,0,0,0,2,16,43,59,20,,,,,,5.6,6.2,0.0,11.9
17,Marian Gaborik\gaborma01,27,NYR,RW,2,0.15,0,0,0,0,2,42,44,86,15,,,,,,9.4,2.6,0.0,12.1
17,Anze Kopitar\kopitan01,22,LAK,C,2,0.15,0,0,0,0,2,34,47,81,6,,,,,,7.2,2.2,0.0,9.5
17,Nicklas Lidstrom\lidstni01,39,DET,D,2,0.15,0,0,0,0,2,9,40,49,22,,,,,,3.8,6.9,0.0,10.7
17,Tuukka Rask\rasktu01,22,BOS,G,2,0.15,0,0,0,0,2,0,3,3,0,22,12,5,1.97,.931,0.0,0.0,10.2,10.2
17,Martin St. Louis\stlouma01,34,TBL,RW,2,0.15,0,0,0,0,2,29,65,94,-8,,,,,,8.1,1.8,0.0,9.9
23,Henrik Lundqvist\lundqhe01,27,NYR,G,1,0.08,0,0,0,0,1,0,1,1,0,35,27,10,2.38,.921,0.0,0.0,15.0,15.0
23,Evgeni Nabokov\nabokev01,34,SJS,G,1,0.08,0,0,0,0,1,0,0,0,0,44,16,10,2.43,.922,0.0,0.0,15.6,15.6
23,Chris Pronger\prongch01,35,PHI,D,1,0.08,0,0,0,0,1,10,45,55,22,,,,,,4.6,6.8,0.0,11.4
23,Paul Stastny\stastpa01,24,COL,C,1,0.08,0,0,0,0,1,20,59,79,2,,,,,,5.6,1.8,0.0,7.4
23,Tomas Vokoun\vokouto01,33,FLA,G,1,0.08,0,0,0,0,1,0,2,2,0,23,28,11,2.55,.925,0.0,0.0,15.7,15.7
23,Shea Weber\webersh01,24,NSH,D,1,0.08,0,0,0,0,1,16,27,43,0,,,,,,4.3,3.9,0.0,8.2
23,Henrik Zetterberg\zettehe01,29,DET,LW,1,0.08,0,0,0,0,1,23,47,70,12,,,,,,5.8,2.4,0.0,8.2
1,Henrik Sedin\sedinhe01,29,VAN,C,894,67.22,46,34,27,19,4,29,83,112,35,,,,,,10.6,2.9,0.0,13.5
2,Alex Ovechkin\ovechal01,24,WSH,LW,834,62.71,40,35,22,22,13,50,59,109,45,,,,,,13.0,2.5,0.0,15.6
3,Sidney Crosby\crosbsi01,22,PIT,C,729,54.81,20,35,38,29,7,51,58,109,15,,,,,,12.2,2.4,0.0,14.7
4,Ryan Miller\millery01,29,BUF,G,505,37.97,13,22,24,27,20,0,0,0,0,41,18,8,2.22,.929,0.0,0.0,16.8,16.8
5,Ilya Bryzgalov\bryzgil01,29,PHX,G,354,26.62,13,6,17,22,31,0,1,1,0,42,20,6,2.29,.920,0.0,0.0,13.9,13.9
6,Steven Stamkos\stamkst01,19,TBL,C,28,2.11,0,0,2,3,9,51,44,95,-2,,,,,,10.9,1.9,0.0,12.8
7,Patrick Kane\kanepa01,21,CHI,RW,17,1.28,0,1,0,2,4,30,58,88,16,,,,,,8.1,2.2,0.0,10.3
8,Martin Brodeur\brodema01,37,NJD,G,16,1.20,0,0,2,0,6,0,3,3,0,45,25,6,2.24,.916,0.0,0.0,13.2,13.2
9,Craig Anderson\andercr01,28,COL,G,10,0.75,1,0,0,0,0,0,3,3,0,38,25,7,2.63,.917,0.0,0.0,14.8,14.8
9,Patrick Marleau\marlepa01,30,SJS,C,10,0.75,0,0,0,3,1,44,39,83,21,,,,,,8.8,2.6,0.0,11.4
9,Nicklas Backstrom\backsni02,22,WSH,C,10,0.75,0,0,0,2,4,33,68,101,37,,,,,,10.0,2.2,0.0,12.2
12,Joe Thornton\thornjo01,30,SJS,C,9,0.68,0,0,0,1,6,20,69,89,17,,,,,,7.3,2.2,0.0,9.6
13,Zach Parise\parisza01,25,NJD,C,7,0.53,0,0,1,0,2,38,44,82,24,,,,,,8.4,3.1,0.0,11.5
14,Mike Green\greenmi03,24,WSH,D,5,0.38,0,0,0,1,2,19,57,76,39,,,,,,8.2,4.8,0.0,13.0
15,Zdeno Chara\charazd01,32,BOS,D,3,0.23,0,0,0,1,0,7,37,44,19,,,,,,3.1,7.2,0.0,10.2
15,Duncan Keith\keithdu01,26,CHI,D,3,0.23,0,0,0,0,3,14,55,69,21,,,,,,6.3,6.2,0.0,12.6
17,Drew Doughty\doughdr01,20,LAK,D,2,0.15,0,0,0,0,2,16,43,59,20,,,,,,5.6,6.2,0.0,11.9
17,Marian Gaborik\gaborma01,27,NYR,RW,2,0.15,0,0,0,0,2,42,44,86,15,,,,,,9.4,2.6,0.0,12.1
17,Anze Kopitar\kopitan01,22,LAK,C,2,0.15,0,0,0,0,2,34,47,81,6,,,,,,7.2,2.2,0.0,9.5
17,Nicklas Lidstrom\lidstni01,39,DET,D,2,0.15,0,0,0,0,2,9,40,49,22,,,,,,3.8,6.9,0.0,10.7
17,Tuukka Rask\rasktu01,22,BOS,G,2,0.15,0,0,0,0,2,0,3,3,0,22,12,5,1.97,.931,0.0,0.0,10.2,10.2
17,Martin St. Louis\stlouma01,34,TBL,RW,2,0.15,0,0,0,0,2,29,65,94,-8,,,,,,8.1,1.8,0.0,9.9
23,Henrik Lundqvist\lundqhe01,27,NYR,G,1,0.08,0,0,0,0,1,0,1,1,0,35,27,10,2.38,.921,0.0,0.0,15.0,15.0
23,Evgeni Nabokov\nabokev01,34,SJS,G,1,0.08,0,0,0,0,1,0,0,0,0,44,16,10,2.43,.922,0.0,0.0,15.6,15.6
23,Chris Pronger\prongch01,35,PHI,D,1,0.08,0,0,0,0,1,10,45,55,22,,,,,,4.6,6.8,0.0,11.4
23,Paul Stastny\stastpa01,24,COL,C,1,0.08,0,0,0,0,1,20,59,79,2,,,,,,5.6,1.8,0.0,7.4
23,Tomas Vokoun\vokouto01,33,FLA,G,1,0.08,0,0,0,0,1,0,2,2,0,23,28,11,2.55,.925,0.0,0.0,15.7,15.7
23,Shea Weber\webersh01,24,NSH,D,1,0.08,0,0,0,0,1,16,27,43,0,,,,,,4.3,3.9,0.0,8.2
23,Henrik Zetterberg\zettehe01,29,DET,LW,1,0.08,0,0,0,0,1,23,47,70,12,,,,,,5.8,2.4,0.0,8.2
1,Alex Ovechkin\ovechal01,23,WSH,LW,1264,95.04,115,14,2,2,0,56,54,110,8,,,,,,12.5,2.0,0.0,14.5
2,Evgeni Malkin\malkiev01,22,PIT,C,787,59.17,12,71,27,9,8,35,78,113,17,,,,,,10.2,2.4,0.0,12.6
3,Pavel Datsyuk\datsypa01,30,DET,C,404,30.38,4,14,38,19,19,32,65,97,34,,,,,,8.9,2.6,0.0,11.5
4,Steve Mason\masonst01,20,CBJ,G,266,20.00,0,13,21,18,16,0,0,0,0,33,20,7,2.29,.916,0.0,0.0,11.2,11.2
5,Zach Parise\parisza01,24,NJD,LW,257,19.32,0,5,20,31,29,45,49,94,30,,,,,,9.9,2.9,0.0,12.8
6,Sidney Crosby\crosbsi01,21,PIT,C,103,7.74,0,3,5,13,18,33,70,103,3,,,,,,9.4,1.7,0.0,11.1
7,Tim Thomas\thomati01,34,BOS,G,100,7.52,0,3,9,7,13,0,1,1,0,36,11,7,2.10,.933,0.0,0.0,14.7,14.7
8,Zdeno Chara\charazd01,31,BOS,D,79,5.94,2,3,2,8,4,19,31,50,23,,,,,,4.8,5.7,0.0,10.5
9,Joe Thornton\thornjo01,29,SJS,C,27,2.03,0,2,1,2,2,25,61,86,16,,,,,,6.8,2.7,0.0,9.5
10,Roberto Luongo\luongro01,29,VAN,G,19,1.43,0,2,0,1,2,0,1,1,0,33,13,7,2.34,.920,0.0,0.0,11.1,11.1
10,Jeff Carter\carteje01,24,PHI,C,19,1.43,0,1,0,2,6,46,38,84,23,,,,,,9.2,2.5,0.0,11.7
10,Jarome Iginla\iginlja01,31,CGY,RW,19,1.43,0,0,2,2,3,35,54,89,-2,,,,,,7.8,1.7,0.0,9.5
13,Rick Nash\nashri01,24,CBJ,LW,13,0.98,0,0,1,2,2,40,39,79,11,,,,,,7.9,2.2,0.0,10.1
13,Mike Green\greenmi03,23,WSH,D,13,0.98,0,0,2,1,0,31,42,73,24,,,,,,9.0,4.9,0.0,13.9
15,Ryan Getzlaf\getzlry01,23,ANA,C,11,0.83,0,0,1,2,0,25,66,91,5,,,,,,7.3,1.9,0.0,9.2
16,Evgeni Nabokov\nabokev01,33,SJS,G,8,0.60,0,0,1,1,0,0,1,1,0,41,12,8,2.44,.910,0.0,0.0,10.2,10.2
17,Nicklas Lidstrom\lidstni01,38,DET,D,7,0.53,0,0,1,0,0,16,43,59,31,,,,,,5.5,5.7,0.0,11.2
17,Patrick Marleau\marlepa01,29,SJS,LW,7,0.53,0,0,0,2,1,38,33,71,16,,,,,,6.5,2.7,0.0,9.2
17,Cam Ward\wardca01,24,CAR,G,7,0.53,0,0,0,2,1,0,1,1,0,39,23,5,2.44,.916,0.0,0.0,12.9,12.9
20,Miikka Kiprusoff\kiprumi01,32,CGY,G,6,0.45,0,0,0,2,0,0,3,3,0,45,24,5,2.84,.903,0.0,0.0,11.5,11.5
20,Henrik Zetterberg\zettehe01,28,DET,C,6,0.45,0,0,0,1,3,31,42,73,13,,,,,,6.4,1.7,0.0,8.1
22,Chris Mason\masonch02,32,STL,G,4,0.30,0,0,0,1,1,0,1,1,0,27,21,7,2.41,.916,0.0,0.0,10.6,10.6
22,Eric Staal\staaler01,24,CAR,C,4,0.30,0,0,0,1,1,40,35,75,15,,,,,,7.1,2.7,0.0,9.8
24,Dan Boyle\boyleda01,32,SJS,D,3,0.23,0,0,0,1,0,16,41,57,6,,,,,,5.2,5.3,0.0,10.6
24,Marian Hossa\hossama01,30,DET,RW,3,0.23,0,0,0,1,0,40,31,71,27,,,,,,7.7,2.1,0.0,9.9
26,Mike Richards\richami02,23,PHI,C,1,0.08,0,0,0,0,1,30,50,80,22,,,,,,7.0,2.4,0.0,9.4
26,Marc Savard\savarma01,31,BOS,C,1,0.08,0,0,0,0,1,25,63,88,25,,,,,,7.3,2.5,0.0,9.8
1,Alex Ovechkin\ovechal01,22,WSH,LW,1313,97.99,128,4,1,0,0,65,47,112,28,,,,,,14.1,3.1,0.0,17.2
2,Evgeni Malkin\malkiev01,21,PIT,C,659,49.18,1,66,27,13,13,47,59,106,16,,,,,,11.5,2.4,0.0,13.9
3,Jarome Iginla\iginlja01,30,CGY,RW,565,42.16,2,41,33,26,15,50,48,98,27,,,,,,11.3,2.9,0.0,14.2
4,Nicklas Lidstrom\lidstni01,37,DET,D,246,18.36,2,7,17,24,20,10,60,70,40,,,,,,6.4,8.1,0.0,14.4
5,Martin Brodeur\brodema01,35,NJD,G,239,17.84,1,8,19,21,15,0,4,4,0,44,27,6,2.17,.920,0.0,0.0,15.5,15.5
6,Joe Thornton\thornjo01,28,SJS,C,157,11.72,0,3,16,14,14,29,67,96,18,,,,,,8.6,3.3,0.0,11.9
7,Evgeni Nabokov\nabokev01,32,SJS,G,109,8.13,0,1,12,9,15,0,2,2,0,46,21,8,2.14,.910,0.0,0.0,11.2,11.2
8,Alex Kovalev\kovalal01,34,MTL,RW,94,7.01,0,1,5,15,17,35,49,84,18,,,,,,8.4,2.4,0.0,10.8
9,Pavel Datsyuk\datsypa01,29,DET,C,43,3.21,0,1,2,7,5,31,66,97,41,,,,,,8.8,3.7,0.0,12.6
10,Henrik Zetterberg\zettehe01,27,DET,LW,17,1.27,0,0,2,1,4,43,49,92,30,,,,,,9.9,3.2,0.0,13.0
11,Marian Gaborik\gaborma01,25,MIN,RW,9,0.67,0,0,0,2,3,42,41,83,17,,,,,,9.2,2.5,0.0,11.6
12,Roberto Luongo\luongro01,28,VAN,G,7,0.52,0,1,0,0,0,0,3,3,0,35,29,9,2.38,.917,0.0,0.0,14.4,14.4
12,Dion Phaneuf\phanedi01,22,CGY,D,7,0.52,0,1,0,0,0,17,43,60,12,,,,,,6.1,5.1,0.0,11.2
14,Zdeno Chara\charazd01,30,BOS,D,4,0.30,0,0,0,1,1,17,34,51,14,,,,,,5.1,5.4,0.0,10.5
14,Ilya Kovalchuk\kovalil01,24,ATL,LW,4,0.30,0,0,0,1,1,52,35,87,-12,,,,,,10.7,1.3,0.0,12.0
16,Daniel Alfredsson\alfreda01,35,OTT,RW,3,0.22,0,0,0,0,3,40,49,89,15,,,,,,9.7,1.8,0.0,11.5
17,Sidney Crosby\crosbsi01,20,PIT,C,2,0.15,0,0,0,0,2,24,48,72,18,,,,,,7.2,1.9,0.0,9.0
17,Sergei Gonchar\gonchse01,33,PIT,D,2,0.15,0,0,0,0,2,12,53,65,13,,,,,,6.0,5.2,0.0,11.1
17,Vincent Lecavalier\lecavvi01,27,TBL,C,2,0.15,0,0,0,0,2,40,52,92,-17,,,,,,9.1,1.6,0.0,10.7
17,Scott Niedermayer\niedesc01,34,ANA,D,2,0.15,0,0,0,0,2,8,17,25,-2,,,,,,2.3,2.7,0.0,5.0
1,Sidney Crosby\crosbsi01,19,PIT,C,1225,85.66,91,34,14,2,1,36,84,120,10,,,,,,11.3,2.0,0.0,13.3
2,Roberto Luongo\luongro01,27,VAN,G,801,56.01,25,46,35,16,6,0,2,2,0,47,22,6,2.28,.921,0.0,0.0,17.1,17.1
3,Martin Brodeur\brodema01,34,NJD,G,763,53.36,21,45,39,12,7,0,1,1,0,48,23,7,2.18,.922,0.0,0.0,17.3,17.3
4,Vincent Lecavalier\lecavvi01,26,TBL,C,362,25.31,5,6,22,48,16,52,56,108,2,,,,,,11.2,2.2,0.0,13.4
5,Joe Thornton\thornjo01,27,SJS,C,230,16.08,0,8,11,27,38,22,92,114,24,,,,,,9.0,3.2,0.0,12.2
6,Nicklas Lidstrom\lidstni01,36,DET,D,53,3.71,1,1,3,4,9,13,49,62,40,,,,,,5.3,7.9,0.0,13.1
7,Scott Niedermayer\niedesc01,33,ANA,D,45,3.15,0,1,3,4,11,15,54,69,6,,,,,,6.1,5.6,0.0,11.7
8,Joe Sakic\sakicjo01,37,COL,C,44,3.08,0,0,4,5,9,36,64,100,2,,,,,,9.1,1.7,0.0,10.8
9,Teemu Selanne\selante01,36,ANA,RW,36,2.52,0,0,2,6,8,48,46,94,26,,,,,,10.3,2.7,0.0,13.0
10,Marian Hossa\hossama01,28,ATL,RW,35,2.45,0,0,3,4,8,43,57,100,18,,,,,,9.9,2.5,0.0,12.4
11,Daniel Briere\brierda01,29,BUF,C,33,2.31,0,2,0,5,4,32,63,95,17,,,,,,8.4,1.6,0.0,10.0
12,Dany Heatley\heatlda01,26,OTT,RW,28,1.96,0,0,2,3,9,50,55,105,31,,,,,,10.8,2.6,0.0,13.4
13,Chris Drury\drurych01,30,BUF,C,14,0.98,0,0,1,2,3,37,32,69,1,,,,,,6.6,0.9,0.0,7.5
14,Martin St. Louis\stlouma01,31,TBL,RW,12,0.84,0,0,1,2,1,43,59,102,7,,,,,,9.2,2.6,0.0,11.8
15,Jarome Iginla\iginlja01,29,CGY,RW,10,0.70,0,0,0,2,4,39,55,94,12,,,,,,9.2,1.9,0.0,11.1
16,Paul Kariya\kariypa01,32,NSH,LW,5,0.35,0,0,1,0,0,24,52,76,6,,,,,,5.4,1.8,0.0,7.2
16,Daniel Alfredsson\alfreda01,34,OTT,RW,5,0.35,0,0,1,0,0,29,58,87,42,,,,,,7.0,3.0,0.0,10.0
16,Brendan Shanahan\shanabr01,38,NYR,LW,5,0.35,0,0,1,0,0,29,33,62,2,,,,,,5.5,1.7,0.0,7.2
19,Jaromir Jagr\jagrja01,34,NYR,RW,3,0.21,0,0,0,1,0,30,66,96,26,,,,,,7.8,3.2,0.0,11.0
20,Marian Gaborik\gaborma01,24,MIN,RW,2,0.14,0,0,0,0,2,30,27,57,12,,,,,,6.3,1.8,0.0,8.1
20,Ryan Miller\millery01,26,BUF,G,2,0.14,0,0,0,0,2,0,2,2,0,40,16,6,2.73,.911,0.0,0.0,12.7,12.7
22,Dominik Hasek\hasekdo01,42,DET,G,1,0.07,0,0,0,0,1,0,2,2,0,38,11,6,2.05,.913,0.0,0.0,9.1,9.1
22,Henrik Lundqvist\lundqhe01,24,NYR,G,1,0.07,0,0,0,0,1,0,0,0,0,37,22,8,2.34,.917,0.0,0.0,14.3,14.3
22,Thomas Vanek\vanekth01,23,BUF,LW,1,0.07,0,0,0,0,1,43,41,84,47,,,,,,8.9,2.7,0.0,11.6
22,Alex Ovechkin\ovechal01,21,WSH,LW,1,0.07,0,0,0,0,1,46,46,92,-19,,,,,,9.6,0.9,0.0,10.5
22,Chris Pronger\prongch01,32,ANA,D,1,0.07,0,0,0,0,1,13,46,59,27,,,,,,5.3,6.4,0.0,11.7
1,Joe Thornton\thornjo01,26,TOT,C,1058,82.02,67,48,9,1,4,29,96,125,31,,,,,,10.2,3.1,0.0,13.3
2,Jaromir Jagr\jagrja01,33,NYR,RW,974,75.50,48,49,30,0,1,54,69,123,34,,,,,,12.1,3.4,0.0,15.5
3,Miikka Kiprusoff\kiprumi01,29,CGY,G,561,43.49,10,24,45,20,8,0,2,2,0,42,20,11,2.07,.923,0.0,0.0,16.2,16.2
4,Eric Staal\staaler01,21,CAR,C,121,9.38,0,0,9,18,22,45,55,100,-8,,,,,,9.8,1.3,0.0,11.1
5,Daniel Alfredsson\alfreda01,33,OTT,RW,119,9.22,0,2,6,20,15,43,60,103,29,,,,,,9.7,2.6,0.0,12.3
6,Alex Ovechkin\ovechal01,20,WSH,LW,109,8.45,1,0,8,14,17,52,54,106,2,,,,,,11.0,1.6,0.0,12.7
7,Nicklas Lidstrom\lidstni01,35,DET,D,106,8.22,1,2,7,12,11,16,64,80,21,,,,,,6.8,6.1,0.0,12.9
8,Scott Niedermayer\niedesc01,32,MDA,D,66,5.12,1,0,2,13,7,13,50,63,8,,,,,,5.0,5.0,0.0,10.0
9,Henrik Lundqvist\lundqhe01,23,NYR,G,46,3.57,0,2,4,2,6,0,2,2,0,30,12,9,2.24,.922,0.0,0.0,12.2,12.2
10,Rod Brind'Amour\brindro01,35,CAR,C,33,2.56,0,1,3,3,2,31,39,70,8,,,,,,4.5,2.2,0.0,6.8
10,Dany Heatley\heatlda01,25,OTT,LW,33,2.56,0,0,3,4,6,50,53,103,29,,,,,,10.2,2.7,0.0,12.9
12,Martin Brodeur\brodema01,33,NJD,G,22,1.71,0,0,0,6,4,0,3,3,0,43,23,7,2.57,.911,0.0,0.0,14.9,14.9
13,Brian Gionta\giontbr01,27,NJD,RW,18,1.40,0,0,1,2,7,48,41,89,18,,,,,,8.5,2.9,0.0,11.4
13,Teemu Selanne\selante01,35,MDA,RW,18,1.40,0,0,0,5,3,40,50,90,28,,,,,,8.7,2.7,0.0,11.4
15,Jonathan Cheechoo\cheecjo01,25,SJS,RW,16,1.24,0,1,0,2,3,56,37,93,23,,,,,,10.0,2.7,0.0,12.7
16,Tomas Vokoun\vokouto01,29,NSH,G,13,1.01,1,0,0,0,3,0,2,2,0,36,18,7,2.67,.919,0.0,0.0,15.8,15.8
17,Peter Forsberg\forsbpe01,32,PHI,C,11,0.85,0,0,1,2,0,19,56,75,21,,,,,,6.1,1.8,0.0,8.0
18,Marty Turco\turcoma01,30,DAL,G,5,0.39,0,0,1,0,0,0,2,2,0,41,19,5,2.55,.898,0.0,0.0,9.2,9.2
19,Zdeno Chara\charazd01,28,OTT,D,4,0.31,0,0,0,1,1,16,27,43,17,,,,,,3.6,4.5,0.0,8.1
19,Mike Modano\modanmi01,35,DAL,C,4,0.31,0,0,0,1,1,27,50,77,23,,,,,,5.6,2.8,0.0,8.4
21,Pavel Datsyuk\datsypa01,27,DET,C,3,0.23,0,0,0,1,0,28,59,87,26,,,,,,7.4,2.4,0.0,9.8
21,Simon Gagne\gagnesi01,25,PHI,LW,3,0.23,0,0,0,1,0,47,32,79,31,,,,,,8.3,2.5,0.0,10.8
21,Ryan Miller\millery01,25,BUF,G,3,0.23,0,0,0,1,0,0,2,2,0,30,14,3,2.60,.914,0.0,0.0,10.6,10.6
24,Sidney Crosby\crosbsi01,18,PIT,C,2,0.16,0,0,0,0,2,39,63,102,-1,,,,,,8.9,1.6,0.0,10.5
24,Ilya Kovalchuk\kovalil01,22,ATL,LW,2,0.16,0,0,0,0,2,52,46,98,-6,,,,,,9.8,1.4,0.0,11.2
26,Paul Kariya\kariypa01,31,NSH,LW,1,0.08,0,0,0,0,1,31,54,85,-6,,,,,,6.8,1.5,0.0,8.4
26,Chris Pronger\prongch01,31,EDM,D,1,0.08,0,0,0,0,1,12,44,56,2,,,,,,4.0,5.6,0.0,9.6
26,Brad Richards\richabr01,25,TBL,C,1,0.08,0,0,0,0,1,23,68,91,0,,,,,,5.6,2.4,0.0,8.0
26,Marek Svatos\svatoma01,23,COL,RW,1,0.08,0,0,0,0,1,32,18,50,0,,,,,,5.6,0.9,0.0,6.4
1,Martin St. Louis\stlouma01,28,TBL,RW,1016,96.76,97,5,1,2,0,38,56,94,35,,,,,,10.1,3.1,0.0,13.2
2,Jarome Iginla\iginlja01,26,CGY,RW,253,24.10,2,20,15,3,9,41,32,73,21,,,,,,8.0,3.1,0.0,11.1
3,Martin Brodeur\brodema01,31,NJD,G,213,20.29,2,14,11,11,7,0,0,0,0,38,26,11,2.03,.917,0.0,0.0,12.5,12.5
4,Miikka Kiprusoff\kiprumi01,27,CGY,G,193,18.38,0,19,7,7,4,0,1,1,0,24,10,4,1.69,.933,0.0,0.0,8.4,8.4
5,Markus Naslund\nasluma02,30,VAN,LW,176,16.76,0,11,10,13,10,35,49,84,24,,,,,,9.0,2.5,0.0,11.4
6,Roberto Luongo\luongro01,24,FLA,G,167,15.90,2,10,8,8,13,0,3,3,0,25,33,14,2.43,.931,0.0,0.0,20.9,20.9
7,Joe Sakic\sakicjo01,34,COL,C,144,13.71,0,6,9,15,12,33,54,87,11,,,,,,8.6,2.2,0.0,10.8
8,Marty Turco\turcoma01,28,DAL,G,87,8.29,0,3,8,6,8,0,1,1,0,37,21,13,1.98,.913,0.0,0.0,10.4,10.4
9,Scott Niedermayer\niedesc01,30,NJD,D,70,6.67,0,2,6,7,5,14,40,54,20,,,,,,5.1,6.9,0.0,12.0
10,Ed Belfour\belfoed01,38,TOR,G,59,5.62,1,2,3,5,5,0,2,2,0,34,19,6,2.13,.918,0.0,0.0,10.3,10.3
10,Ilya Kovalchuk\kovalil01,20,ATL,LW,59,5.62,0,1,7,4,5,41,46,87,-10,,,,,,8.9,1.7,0.0,10.6
12,Mats Sundin\sundima01,32,TOR,C,55,5.24,0,4,4,1,4,31,44,75,11,,,,,,7.2,2.0,0.0,9.2
13,Andrew Raycroft\raycran01,23,BOS,G,43,4.10,0,1,5,3,2,0,2,2,0,29,18,9,2.05,.926,0.0,0.0,12.6,12.6
14,Patrik Elias\eliaspa01,27,NJD,LW,37,3.52,0,1,3,4,3,38,43,81,26,,,,,,8.8,3.0,0.0,11.8
14,Joe Thornton\thornjo01,24,BOS,C,37,3.52,1,2,1,2,2,23,50,73,18,,,,,,6.3,2.5,0.0,8.8
16,Chris Pronger\prongch01,29,STL,D,29,2.76,0,2,1,2,4,14,40,54,-1,,,,,,5.1,5.7,0.0,10.8
17,Daniel Alfredsson\alfreda01,31,OTT,RW,22,2.10,0,1,1,3,1,32,48,80,12,,,,,,8.6,1.9,0.0,10.4
18,Marian Hossa\hossama01,25,OTT,RW,17,1.62,0,0,3,0,2,36,46,82,4,,,,,,9.2,1.6,0.0,10.8
19,Jose Theodore\theodjo01,27,MTL,G,14,1.33,0,1,0,2,1,0,3,3,0,33,28,5,2.27,.919,0.0,0.0,13.2,13.2
20,Pavel Datsyuk\datsypa01,25,DET,C,10,0.95,0,0,0,3,1,30,38,68,-2,,,,,,7.2,1.2,0.0,8.4
21,Patrick Marleau\marlepa01,24,SJS,C,6,0.57,0,0,1,0,1,28,29,57,-5,,,,,,5.4,1.3,0.0,6.8
22,Brad Richards\richabr01,23,TBL,C,5,0.48,0,0,1,0,0,26,53,79,14,,,,,,7.1,2.2,0.0,9.3
23,Evgeni Nabokov\nabokev01,28,SJS,G,4,0.38,0,0,0,1,1,0,0,0,0,31,19,8,2.21,.921,0.0,0.0,11.8,11.8
23,Robert Lang\langro01,33,TOT,C,4,0.38,0,0,0,1,1,30,49,79,4,,,,,,8.1,1.9,0.0,10.0
25,Zdeno Chara\charazd01,26,OTT,D,3,0.29,0,0,0,1,0,16,25,41,33,,,,,,4.3,6.1,0.0,10.3
25,Mark Recchi\recchma01,35,PHI,LW,3,0.29,0,0,0,1,0,26,49,75,18,,,,,,7.2,2.2,0.0,9.4
25,Rick Nash\nashri01,19,CBJ,LW,3,0.29,0,0,0,0,3,41,16,57,-35,,,,,,7.1,0.6,0.0,7.7
28,Kris Draper\drapekr01,32,DET,C,1,0.10,0,0,0,0,1,24,16,40,22,,,,,,3.9,2.1,0.0,6.0
1,Peter Forsberg\forsbpe01,29,COL,C,508,81.94,38,13,6,2,1,29,77,106,52,,,,,,10.2,3.4,0.0,13.6
2,Markus Naslund\nasluma02,29,VAN,LW,342,55.16,5,26,17,7,4,48,56,104,6,,,,,,11.7,1.8,0.0,13.5
3,Martin Brodeur\brodema01,30,NJD,G,311,50.16,14,12,11,10,2,0,0,0,0,41,23,9,2.02,.914,0.0,0.0,11.4,11.4
4,Joe Thornton\thornjo01,23,BOS,C,131,21.13,0,6,6,15,14,36,65,101,12,,,,,,10.1,2.0,0.0,12.1
5,Todd Bertuzzi\bertuto01,27,VAN,RW,100,16.13,2,2,7,7,10,46,51,97,2,,,,,,10.6,1.7,0.0,12.3
6,Al MacInnis\macinal01,39,STL,D,46,7.42,0,2,4,3,3,16,52,68,22,,,,,,6.7,5.6,0.0,12.3
7,Mike Modano\modanmi01,32,DAL,C,43,6.94,1,0,3,5,3,28,57,85,34,,,,,,7.6,3.1,0.0,10.7
8,Nicklas Lidstrom\lidstni01,32,DET,D,41,6.61,0,0,4,6,3,18,44,62,40,,,,,,6.1,7.1,0.0,13.2
9,Sergei Fedorov\fedorse01,33,DET,C,22,3.55,1,0,2,0,2,36,47,83,15,,,,,,8.1,2.0,0.0,10.1
10,Marian Hossa\hossama01,24,OTT,RW,14,2.26,0,0,1,2,3,45,35,80,8,,,,,,9.2,1.9,0.0,11.1
11,Marty Turco\turcoma01,27,DAL,G,11,1.77,0,0,1,1,3,0,3,3,0,31,10,10,1.73,.932,0.0,0.0,11.9,11.9
12,Patrick Roy\roypa01,37,COL,G,10,1.61,1,0,0,0,0,0,0,0,0,35,15,13,2.18,.920,0.0,0.0,12.8,12.8
12,Milan Hejduk\hejdumi01,26,COL,RW,10,1.61,0,1,0,0,3,50,48,98,52,,,,,,11.1,3.5,0.0,14.6
14,Nikolai Khabibulin\khabini01,30,TBL,G,7,1.13,0,0,0,2,1,0,3,3,0,30,22,11,2.47,.911,0.0,0.0,11.2,11.2
15,Ed Belfour\belfoed01,37,TOR,G,6,0.97,0,0,0,1,3,0,2,2,0,37,20,5,2.26,.922,0.0,0.0,13.9,13.9
15,Mario Lemieux\lemiema01,37,PIT,C,6,0.97,0,0,0,1,3,28,63,91,-25,,,,,,8.3,1.1,0.0,9.4
17,Dany Heatley\heatlda01,22,ATL,RW,2,0.32,0,0,0,0,2,41,48,89,-8,,,,,,9.7,1.4,0.0,11.0
18,Jean-Sebastien Giguere\gigueje01,25,MDA,G,1,0.16,0,0,0,0,1,0,0,0,0,34,22,6,2.30,.920,0.0,0.0,13.5,13.5
18,Mats Sundin\sundima01,31,TOR,C,1,0.16,0,0,0,0,1,37,35,72,1,,,,,,7.4,1.6,0.0,9.0
1,Jose Theodore\theodjo01,25,MTL,G,434,70.00,26,16,9,5,2,0,2,2,0,30,24,10,2.11,.931,0.0,0.0,17.4,17.4
2,Jarome Iginla\iginlja01,24,CGY,RW,434,70.00,23,18,12,5,3,52,44,96,27,,,,,,11.2,3.2,0.0,14.4
3,Patrick Roy\roypa01,36,COL,G,283,45.65,8,15,12,11,5,0,3,3,0,32,23,8,1.94,.925,0.0,0.0,13.3,13.3
4,Sean Burke\burkese01,35,PHX,G,172,27.74,2,5,16,10,7,0,1,1,0,33,21,6,2.29,.920,0.0,0.0,12.9,12.9
5,Markus Naslund\nasluma02,28,VAN,LW,64,10.32,0,0,4,10,14,40,50,90,22,,,,,,9.6,2.3,0.0,11.9
6,Ron Francis\francro01,38,CAR,C,48,7.74,1,2,3,2,3,27,50,77,4,,,,,,6.7,2.1,0.0,8.7
7,Joe Sakic\sakicjo01,32,COL,C,41,6.61,2,1,2,1,1,26,53,79,12,,,,,,6.3,2.9,0.0,9.2
8,Mats Sundin\sundima01,30,TOR,C,35,5.65,0,2,0,5,6,41,39,80,6,,,,,,8.7,1.6,0.0,10.3
9,Brendan Shanahan\shanabr01,33,DET,LW,24,3.87,0,2,1,1,2,37,38,75,23,,,,,,7.8,2.5,0.0,10.3
10,Michael Peca\pecami01,27,NYI,C,11,1.77,0,1,0,1,1,25,35,60,19,,,,,,4.8,2.4,0.0,7.2
1,Joe Sakic\sakicjo01,31,COL,C,582,93.87,53,6,2,1,0,54,64,118,45,,,,,,12.2,3.6,0.0,15.9
2,Mario Lemieux\lemiema01,35,PIT,C,272,43.87,8,17,10,6,5,35,41,76,15,,,,,,8.3,1.3,0.0,9.5
3,Jaromir Jagr\jagrja01,28,PIT,RW,210,33.87,0,20,10,5,5,52,69,121,19,,,,,,12.1,2.0,0.0,14.1
4,Roman Cechmanek\cechmro01,29,PHI,G,89,14.35,0,2,8,10,5,0,1,1,0,35,15,6,2.01,.921,0.0,0.0,11.9,11.9
5,Martin Brodeur\brodema01,28,NJD,G,64,10.32,0,4,4,4,4,0,1,1,0,42,17,11,2.32,.906,0.0,0.0,11.3,11.3
6,Patrik Elias\eliaspa01,24,NJD,LW,61,9.84,0,3,4,5,5,40,56,96,45,,,,,,9.5,3.0,0.0,12.5
6,Doug Weight\weighdo01,30,EDM,C,61,9.84,0,2,7,2,6,25,65,90,12,,,,,,6.8,2.2,0.0,9.0
8,Dominik Hasek\hasekdo01,36,BUF,G,42,6.77,0,3,2,3,2,0,3,3,0,37,24,4,2.11,.921,0.0,0.0,13.9,13.9
9,Pavel Bure\burepa01,29,FLA,RW,41,6.61,0,0,4,5,6,59,33,92,-2,,,,,,9.5,2.4,0.0,11.9
10,Nicklas Lidstrom\lidstni01,30,DET,D,38,6.13,0,2,1,6,1,15,56,71,9,,,,,,6.4,5.8,0.0,12.2
11,Markus Naslund\nasluma02,27,VAN,RW,20,3.23,1,1,0,0,3,41,34,75,-2,,,,,,8.2,1.3,0.0,9.5
12,Sean Burke\burkese01,34,PHX,G,17,2.74,0,0,2,1,4,0,1,1,0,25,22,13,2.27,.922,0.0,0.0,14.4,14.4
12,Mike Modano\modanmi01,30,DAL,C,17,2.74,0,0,1,3,3,33,51,84,26,,,,,,6.9,3.2,0.0,10.2
14,Alexei Yashin\yashial01,27,OTT,C,15,2.42,0,0,2,1,2,40,48,88,10,,,,,,8.6,1.9,0.0,10.5
15,Scott Stevens\stevesc01,36,NJD,D,13,2.10,0,0,2,1,0,9,22,31,40,,,,,,1.9,6.1,0.0,8.1
16,Alex Kovalev\kovalal01,27,PIT,RW,10,1.61,0,1,0,1,0,44,51,95,12,,,,,,8.8,1.7,0.0,10.5
16,Tommy Salo\saloto01,29,EDM,G,10,1.61,0,0,2,0,0,0,1,1,0,36,25,12,2.46,.904,0.0,0.0,11.5,11.5
18,Evgeni Nabokov\nabokev01,25,SJS,G,8,1.29,0,0,1,0,3,0,2,2,0,32,21,7,2.19,.915,0.0,0.0,11.7,11.7
19,Sergei Fedorov\fedorse01,31,DET,C,7,1.13,0,1,0,0,0,32,37,69,12,,,,,,6.0,2.3,0.0,8.2
19,Peter Bondra\bondrpe01,32,WSH,LW,7,1.13,0,0,0,1,4,45,36,81,8,,,,,,8.0,2.3,0.0,10.3
21,Jason Allison\allisja02,25,BOS,C,4,0.65,0,0,0,1,1,36,59,95,-8,,,,,,8.1,1.8,0.0,9.9
21,Steve Yzerman\yzermst01,35,DET,C,4,0.65,0,0,0,1,1,18,34,52,4,,,,,,3.9,1.5,0.0,5.4
23,Rob Blake\blakero01,31,TOT,D,3,0.48,0,0,0,1,0,19,40,59,3,,,,,,6.0,3.5,0.0,9.5
23,Brett Hull\hullbr01,36,DAL,RW,3,0.48,0,0,0,1,0,39,40,79,10,,,,,,8.2,2.1,0.0,10.3
23,Patrick Lalime\lalimpa01,26,OTT,G,3,0.48,0,0,0,1,0,0,1,1,0,36,19,5,2.35,.914,0.0,0.0,12.0,12.0
23,Keith Primeau\primeke02,29,PHI,C,3,0.48,0,0,0,1,0,34,39,73,17,,,,,,7.2,2.1,0.0,9.3
23,Mark Recchi\recchma01,32,PHI,RW,3,0.48,0,0,0,1,0,27,50,77,15,,,,,,6.7,2.1,0.0,8.7
28,Arturs Irbe\irbear01,33,CAR,G,1,0.16,0,0,0,0,1,0,2,2,0,37,29,9,2.45,.908,0.0,0.0,12.9,12.9
28,Jeff O'Neill\oneilje01,24,CAR,RW,1,0.16,0,0,0,0,1,41,26,67,-18,,,,,,6.8,1.5,0.0,8.3
1,Chris Pronger\prongch01,25,STL,D,396,68.28,25,9,11,8,4,14,48,62,52,,,,,,5.2,9.6,0.0,14.8
2,Jaromir Jagr\jagrja01,27,PIT,RW,395,68.10,18,22,9,4,4,42,54,96,25,,,,,,9.9,2.3,0.0,12.2
3,Pavel Bure\burepa01,28,FLA,RW,346,59.66,11,18,16,9,3,58,36,94,25,,,,,,10.7,2.8,0.0,13.5
4,Olaf Kolzig\kolziol01,29,WSH,G,139,23.97,2,3,12,10,8,0,2,2,0,41,20,11,2.24,.917,0.0,0.0,14.6,14.6
5,Owen Nolan\nolanow01,27,SJS,RW,62,10.69,1,0,3,7,16,44,40,84,-1,,,,,,8.6,1.8,0.0,10.5
6,Roman Turek\turekro01,29,STL,G,30,5.17,0,2,1,3,2,0,1,1,0,42,15,9,1.95,.912,0.0,0.0,10.2,10.2
6,Mark Recchi\recchma01,31,PHI,RW,30,5.17,0,1,2,3,4,28,63,91,20,,,,,,7.6,3.1,0.0,10.7
8,Steve Yzerman\yzermst01,34,DET,C,26,4.48,1,0,1,3,2,35,44,79,28,,,,,,7.3,2.5,0.0,9.8
9,Nicklas Lidstrom\lidstni01,29,DET,D,22,3.79,0,1,0,4,3,20,53,73,19,,,,,,7.1,5.8,0.0,13.0
10,Mike Modano\modanmi01,29,DAL,C,21,3.62,0,2,0,2,1,38,43,81,0,,,,,,7.3,2.5,0.0,9.7
11,Curtis Joseph\josepcu01,32,TOR,G,16,2.76,0,0,2,1,3,0,1,1,0,36,20,7,2.49,.915,0.0,0.0,13.4,13.4
12,Martin Brodeur\brodema01,27,NJD,G,6,1.03,0,0,0,1,3,1,4,5,0,43,20,8,2.24,.910,0.0,0.0,12.1,12.1
13,Chris Simon\simonch01,28,WSH,LW,5,0.86,0,0,1,0,0,29,20,49,11,,,,,,4.9,1.6,0.0,6.6
14,Joe Sakic\sakicjo01,30,COL,C,4,0.69,0,0,0,1,1,28,53,81,30,,,,,,7.4,2.7,0.0,10.1
15,Brendan Shanahan\shanabr01,31,DET,LW,3,0.52,0,0,0,1,0,41,37,78,24,,,,,,8.3,2.2,0.0,10.5
15,Ed Belfour\belfoed01,34,DAL,G,3,0.52,0,0,0,0,3,0,3,3,0,32,21,7,2.10,.919,0.0,0.0,12.1,12.1
17,Patrik Elias\eliaspa01,23,NJD,LW,1,0.17,0,0,0,0,1,35,37,72,16,,,,,,7.4,2.0,0.0,9.4
17,Dominik Hasek\hasekdo01,35,BUF,G,1,0.17,0,0,0,0,1,0,1,1,0,15,11,6,2.21,.919,0.0,0.0,7.2,7.2
17,Jarome Iginla\iginlja01,22,CGY,RW,1,0.17,0,0,0,0,1,29,34,63,0,,,,,,5.4,1.5,0.0,7.0
17,Adam Oates\oatesad01,37,WSH,C,1,0.17,0,0,0,0,1,15,56,71,13,,,,,,3.9,2.4,0.0,6.3
1,Jaromir Jagr\jagrja01,26,PIT,RW,543,96.96,51,4,1,0,0,44,83,127,17,,,,,,11.9,2.7,0.0,14.6
2,Alexei Yashin\yashial01,25,OTT,C,226,40.36,0,23,9,5,5,44,50,94,16,,,,,,9.6,2.4,0.0,12.0
3,Dominik Hasek\hasekdo01,34,BUF,G,172,30.71,4,10,8,5,7,0,0,0,0,30,18,14,1.87,.937,0.0,0.0,16.8,16.8
4,Curtis Joseph\josepcu01,31,TOR,G,118,21.07,1,5,10,7,2,0,5,5,0,35,24,7,2.56,.910,0.0,0.0,11.6,11.6
5,Teemu Selanne\selante01,28,MDA,RW,111,19.82,0,3,14,5,5,47,60,107,18,,,,,,11.6,2.7,0.0,14.3
6,Eric Lindros\lindrer01,25,PHI,C,77,13.75,0,4,5,6,6,40,53,93,35,,,,,,9.2,3.1,0.0,12.4
7,Peter Forsberg\forsbpe01,25,COL,C,61,10.89,0,3,4,5,5,30,67,97,27,,,,,,8.0,2.8,0.0,10.8
8,Paul Kariya\kariypa01,24,MDA,LW,48,8.57,0,2,2,6,6,39,62,101,17,,,,,,9.1,3.1,0.0,12.2
9,Byron Dafoe\dafoeby01,27,BOS,G,40,7.14,0,1,1,7,7,0,2,2,0,32,23,11,2.00,.926,0.0,0.0,14.1,14.1
10,Al MacInnis\macinal01,35,STL,D,24,4.29,0,1,1,3,3,20,42,62,33,,,,,,6.0,7.7,0.0,13.6
11,Mike Modano\modanmi01,28,DAL,C,13,2.32,0,0,0,3,4,34,47,81,29,,,,,,7.6,3.1,0.0,10.7
12,Pavol Demitra\demitpa01,24,STL,LW,7,1.25,0,0,0,2,1,37,52,89,13,,,,,,8.5,2.2,0.0,10.7
12,Steve Yzerman\yzermst01,33,DET,C,7,1.25,0,0,1,0,2,29,45,74,8,,,,,,5.8,2.0,0.0,7.8
14,Ron Tugnutt\tugnuro01,31,OTT,G,4,0.71,0,0,0,1,1,0,0,0,0,22,10,8,1.79,.925,0.0,0.0,7.8,7.8
15,Joe Sakic\sakicjo01,29,COL,C,3,0.54,0,0,0,1,0,41,55,96,23,,,,,,8.9,2.7,0.0,11.6
16,Martin Brodeur\brodema01,26,NJD,G,1,0.18,0,0,0,0,1,0,4,4,0,39,21,10,2.29,.906,0.0,0.0,9.8,9.8
16,Mats Sundin\sundima01,27,TOR,C,1,0.18,0,0,0,0,1,31,52,83,22,,,,,,7.2,1.7,0.0,8.9
1,Dominik Hasek\hasekdo01,33,BUF,G,499,92.41,43,7,4,0,0,0,2,2,0,33,23,13,2.09,.932,0.0,0.0,18.6,18.6
2,Jaromir Jagr\jagrja01,25,PIT,RW,308,57.04,4,25,16,4,1,35,67,102,17,,,,,,10.9,1.7,0.0,12.6
3,Teemu Selanne\selante01,27,MDA,RW,247,45.74,5,14,16,4,7,52,34,86,12,,,,,,12.0,1.3,0.0,13.3
4,Martin Brodeur\brodema01,25,NJD,G,115,21.30,1,5,7,8,11,0,3,3,0,43,17,8,1.89,.917,0.0,0.0,11.1,11.1
5,Wayne Gretzky\gretzwa01,37,NYR,C,46,8.52,1,0,1,9,4,23,67,90,-11,,,,,,8.2,0.9,0.0,9.1
6,Peter Bondra\bondrpe01,29,WSH,RW,40,7.41,0,1,3,5,3,52,26,78,14,,,,,,10.5,1.6,0.0,12.1
7,John LeClair\leclajo01,28,PHI,LW,34,6.30,0,0,3,5,4,51,36,87,30,,,,,,11.0,2.1,0.0,13.1
8,Peter Forsberg\forsbpe01,24,COL,C,26,4.81,0,0,0,7,5,25,66,91,6,,,,,,9.0,1.1,0.0,10.1
9,Jason Allison\allisja02,22,BOS,C,18,3.33,0,1,1,1,3,33,50,83,33,,,,,,8.9,2.4,0.0,11.3
10,Rob Blake\blakero01,28,LAK,D,17,3.15,0,0,1,2,5,23,27,50,-3,,,,,,5.9,3.0,0.0,8.8
11,Olaf Kolzig\kolziol01,27,WSH,G,8,1.48,0,0,1,1,0,0,1,1,0,33,18,10,2.20,.920,0.0,0.0,12.7,12.7
12,Byron Dafoe\dafoeby01,26,BOS,G,7,1.30,0,1,0,0,0,0,3,3,0,30,25,9,2.24,.914,0.0,0.0,10.8,10.8
12,Joe Nieuwendyk\nieuwjo01,31,DAL,C,7,1.30,0,0,1,0,2,39,30,69,16,,,,,,8.4,1.7,0.0,10.0
12,Nicklas Lidstrom\lidstni01,27,DET,D,7,1.30,0,0,0,2,1,17,42,59,22,,,,,,6.1,5.5,0.0,11.6
15,Ron Francis\francro01,34,PIT,C,6,1.11,0,0,0,2,0,25,62,87,12,,,,,,8.2,1.6,0.0,9.8
15,Chris Pronger\prongch01,23,STL,D,6,1.11,0,0,0,2,0,9,27,36,47,,,,,,2.9,7.3,0.0,10.3
15,Ed Belfour\belfoed01,32,DAL,G,6,1.11,0,0,0,1,3,0,0,0,0,37,12,10,1.88,.916,0.0,0.0,9.3,9.3
18,Tom Barrasso\barrato01,32,PIT,G,3,0.56,0,0,0,1,0,0,2,2,0,31,14,13,2.07,.922,0.0,0.0,11.8,11.8
19,Steve Yzerman\yzermst01,32,DET,C,2,0.37,0,0,0,0,2,24,45,69,3,,,,,,6.7,0.9,0.0,7.6
20,Bobby Holik\holikbo01,27,NJD,C,1,0.19,0,0,0,0,1,29,36,65,23,,,,,,6.5,2.1,0.0,8.6
20,Curtis Joseph\josepcu01,30,EDM,G,1,0.19,0,0,0,0,1,0,2,2,0,29,31,9,2.63,.905,0.0,0.0,11.0,11.0
1,Dominik Hasek\hasekdo01,32,BUF,G,519,96.11,50,2,1,0,0,0,3,3,0,37,20,10,2.27,.930,0.0,0.0,17.2,17.2
2,Paul Kariya\kariypa01,22,MDA,LW,239,44.26,3,21,9,4,5,44,55,99,36,,,,,,10.6,2.0,0.0,12.6
3,Mario Lemieux\lemiema01,31,PIT,C,181,33.52,1,11,12,10,4,50,72,122,27,,,,,,12.8,1.7,0.0,14.5
4,Martin Brodeur\brodema01,24,NJD,G,115,21.30,0,7,6,11,3,0,4,4,0,37,14,13,1.88,.927,0.0,0.0,12.4,12.4
5,Teemu Selanne\selante01,26,MDA,RW,70,12.96,0,3,6,5,4,51,58,109,28,,,,,,11.8,1.9,0.0,13.7
6,John LeClair\leclajo01,27,PHI,LW,66,12.22,0,4,5,2,7,50,47,97,44,,,,,,10.6,2.4,0.0,13.0
7,Mike Modano\modanmi01,26,DAL,C,44,8.15,0,0,3,7,8,35,48,83,43,,,,,,7.8,2.4,0.0,10.2
8,Patrick Roy\roypa01,31,COL,G,31,5.74,0,2,2,0,7,0,1,1,0,38,15,7,2.32,.923,0.0,0.0,13.5,13.5
9,Eric Lindros\lindrer01,23,PHI,C,30,5.56,0,2,2,1,3,32,47,79,31,,,,,,8.4,1.6,0.0,10.0
10,Keith Tkachuk\tkachke01,24,PHX,LW,25,4.63,0,0,2,4,3,52,34,86,-1,,,,,,9.7,1.2,0.0,10.9
11,Peter Forsberg\forsbpe01,23,COL,C,17,3.15,0,0,2,2,1,28,58,86,31,,,,,,8.1,1.9,0.0,10.0
12,Ziggy Palffy\palffzi01,24,NYI,RW,16,2.96,0,1,1,1,1,48,42,90,21,,,,,,10.2,1.8,0.0,12.0
13,Jaromir Jagr\jagrja01,24,PIT,RW,15,2.78,0,1,1,0,3,47,48,95,22,,,,,,10.6,1.4,0.0,12.0
14,Joe Sakic\sakicjo01,27,COL,C,10,1.85,0,0,0,3,1,22,52,74,-10,,,,,,6.4,0.5,0.0,6.9
15,Wayne Gretzky\gretzwa01,36,NYR,C,8,1.48,0,0,1,1,0,25,72,97,12,,,,,,8.2,1.3,0.0,9.5
16,Brian Leetch\leetcbr01,28,NYR,D,6,1.11,0,0,0,2,0,20,58,78,31,,,,,,7.5,5.6,0.0,13.1
17,Tony Amonte\amontto01,26,CHI,RW,5,0.93,0,0,1,0,0,41,36,77,35,,,,,,7.9,2.2,0.0,10.1
18,Mats Sundin\sundima01,25,TOR,C,3,0.56,0,0,0,1,0,41,53,94,6,,,,,,9.7,1.3,0.0,11.0
19,Doug Gilmour\gilmodo01,33,TOT,C,1,0.19,0,0,0,0,1,22,60,82,2,,,,,,6.7,1.2,0.0,7.9
19,Guy Hebert\hebergu01,30,MDA,G,1,0.19,0,0,0,0,1,0,1,1,0,29,25,12,2.67,.919,0.0,0.0,14.7,14.7
19,Mike Richter\richtmi01,30,NYR,G,1,0.19,0,0,0,0,1,0,0,0,0,33,22,6,2.69,.917,0.0,0.0,13.0,13.0
19,Brendan Shanahan\shanabr01,28,TOT,LW,1,0.19,0,0,0,0,1,47,41,88,32,,,,,,9.3,2.3,0.0,11.6
1,Mario Lemieux\lemiema01,30,PIT,C,439,81.30,34,10,5,1,1,69,92,161,10,,,,,,16.6,0.7,0.0,17.4
2,Mark Messier\messima01,35,NYR,C,275,50.93,10,15,10,6,2,47,52,99,29,,,,,,9.6,1.8,0.0,11.3
3,Eric Lindros\lindrer01,22,PHI,C,213,39.44,2,17,7,12,3,47,68,115,26,,,,,,11.0,1.8,0.0,12.8
4,Jaromir Jagr\jagrja01,23,PIT,RW,156,28.89,5,3,10,10,5,62,87,149,31,,,,,,14.6,1.5,0.0,16.0
5,Sergei Fedorov\fedorse01,26,DET,RW,68,12.59,0,3,6,4,5,39,68,107,49,,,,,,9.5,2.5,0.0,12.0
6,Grant Fuhr\fuhrgr01,33,STL,G,52,9.63,1,3,2,2,5,0,1,1,0,30,28,16,2.87,.903,0.0,0.0,12.5,12.5
6,Joe Sakic\sakicjo01,26,COL,C,52,9.63,0,0,6,5,7,51,69,120,14,,,,,,11.6,1.1,0.0,12.8
8,Jim Carey\careyji01,21,WSH,G,32,5.93,1,0,1,5,2,0,1,1,0,35,24,9,2.26,.906,0.0,0.0,9.9,9.9
9,Paul Kariya\kariypa01,21,MDA,LW,28,5.19,1,1,1,1,3,50,58,108,9,,,,,,10.3,1.3,0.0,11.6
10,Chris Chelios\chelich01,34,CHI,D,20,3.70,0,2,1,0,1,14,58,72,25,,,,,,5.7,5.6,0.0,11.3
11,Ray Bourque\bourqra01,35,BOS,D,13,2.41,0,0,1,2,2,20,62,82,31,,,,,,7.4,5.7,0.0,13.0
12,Martin Brodeur\brodema01,23,NJD,G,9,1.67,0,0,1,1,1,0,1,1,0,34,30,12,2.34,.911,0.0,0.0,12.8,12.8
13,Peter Forsberg\forsbpe01,22,COL,C,8,1.48,0,0,1,0,3,30,86,116,26,,,,,,9.5,1.5,0.0,11.0
14,Keith Tkachuk\tkachke01,23,WIN,LW,6,1.11,0,0,0,1,3,50,48,98,11,,,,,,10.0,1.2,0.0,11.2
15,John LeClair\leclajo01,26,PHI,LW,5,0.93,0,0,1,0,0,51,46,97,21,,,,,,9.5,1.7,0.0,11.2
15,Daren Puppa\puppada01,30,TBL,G,5,0.93,0,0,0,1,2,0,1,1,0,29,16,9,2.46,.918,0.0,0.0,11.6,11.6
18,Steve Yzerman\yzermst01,30,DET,C,4,0.74,0,0,0,1,1,36,59,95,29,,,,,,8.1,1.9,0.0,10.0
18,Alexander Mogilny\mogilal01,26,VAN,RW,4,0.74,0,0,0,1,1,55,52,107,14,,,,,,10.9,1.2,0.0,12.2
20,Vladimir Konstantinov\konstvl01,28,DET,D,3,0.56,0,0,0,1,0,14,20,34,60,,,,,,2.6,8.5,0.0,11.1
21,Teemu Selanne\selante01,25,TOT,RW,2,0.37,0,0,0,0,2,40,68,108,5,,,,,,9.8,1.1,0.0,10.9
22,Peter Bondra\bondrpe01,27,WSH,RW,1,0.19,0,0,0,0,1,52,28,80,18,,,,,,8.6,1.6,0.0,10.2
22,Brian Leetch\leetcbr01,27,NYR,D,1,0.19,0,0,0,0,1,15,70,85,12,,,,,,7.0,4.5,0.0,11.4
22,Scott Mellanby\mellasc01,29,FLA,RW,1,0.19,0,0,0,0,1,32,38,70,4,,,,,,5.7,1.3,0.0,6.9
22,Chris Osgood\osgooch01,23,DET,G,1,0.19,0,0,0,0,1,1,2,3,0,39,6,5,2.17,.911,0.0,0.0,7.8,7.8
1,Eric Lindros\lindrer01,21,PHI,C,63,84.00,10,4,1,,,29,41,70,27,,,,,,7.3,1.5,0.0,8.8
2,Jaromir Jagr\jagrja01,22,PIT,RW,27,36.00,2,4,5,,,32,38,70,23,,,,,,7.3,1.0,0.0,8.3
3,Dominik Hasek\hasekdo01,30,BUF,G,23,30.67,3,2,2,,,0,0,0,0,19,14,7,2.11,.930,0.0,0.0,10.3,10.3
4,Paul Coffey\coffepa01,33,DET,D,15,20.00,0,4,3,,,14,44,58,18,,,,,,5.5,3.5,0.0,9.0
5,Theoren Fleury\fleurth01,26,CGY,RW,7,9.33,0,1,4,,,29,29,58,6,,,,,,6.1,0.6,0.0,6.8
6,Brett Hull\hullbr01,30,STL,RW,0,0.00,0,0,0,,,29,21,50,13,,,,,,5.5,0.7,0.0,6.1
1,Sergei Fedorov\fedorse01,24,DET,C,194,71.85,31,11,6,,,56,64,120,48,,,,,,11.7,2.1,0.0,13.8
2,Dominik Hasek\hasekdo01,29,BUF,G,86,31.85,6,15,11,,,0,3,3,0,30,20,6,1.95,.930,0.0,0.0,13.1,13.1
3,John Vanbiesbrouck\vanbijo01,30,FLA,G,74,27.41,7,11,6,,,0,0,0,0,21,25,11,2.53,.924,0.0,0.0,15.2,15.2
4,Doug Gilmour\gilmodo01,30,TOR,C,50,18.52,4,7,9,,,27,84,111,25,,,,,,8.5,1.9,0.0,10.4
5,Patrick Roy\roypa01,28,MTL,G,26,9.63,3,3,2,,,0,1,1,0,35,17,11,2.50,.918,0.0,0.0,14.4,14.4
6,Ray Bourque\bourqra01,33,BOS,D,18,6.67,2,2,2,,,20,71,91,26,,,,,,7.8,5.7,0.0,13.5
7,Scott Stevens\stevesc01,29,NJD,D,13,4.81,1,1,5,,,18,60,78,53,,,,,,6.3,6.9,0.0,13.2
8,Adam Graves\gravead01,25,NYR,LW,8,2.96,0,1,5,,,52,27,79,27,,,,,,7.8,1.9,0.0,9.8
9,Cam Neely\neelyca01,28,BOS,RW,5,1.85,0,1,2,,,50,24,74,12,,,,,,8.5,1.1,0.0,9.6
10,Mike Richter\richtmi01,27,NYR,G,3,1.11,0,1,0,,,0,0,0,0,42,12,6,2.57,.910,0.0,0.0,11.7,11.7
10,Jeremy Roenick\roenije01,24,CHI,C,3,1.11,0,1,0,,,46,61,107,21,,,,,,9.5,1.8,0.0,11.3
12,Pavel Bure\burepa01,22,VAN,RW,2,0.74,0,0,2,,,60,47,107,1,,,,,,11.3,1.0,0.0,12.3
12,Adam Oates\oatesad01,31,BOS,C,2,0.74,0,0,2,,,32,80,112,10,,,,,,9.1,1.4,0.0,10.5
14,Arturs Irbe\irbear01,26,SJS,G,1,0.37,0,0,1,,,0,2,2,0,30,28,16,2.84,.899,0.0,0.0,11.8,11.8
14,Igor Larionov\larioig01,33,SJS,C,1,0.37,0,0,1,,,18,38,56,20,,,,,,3.9,1.5,0.0,5.4
1,Mario Lemieux\lemiema01,27,PIT,C,248,99.20,49,1,0,,,69,91,160,55,,,,,,14.7,2.2,0.0,16.8
2,Doug Gilmour\gilmodo01,29,TOR,C,99,39.60,0,29,12,,,32,95,127,32,,,,,,8.7,2.2,0.0,11.0
3,Pat LaFontaine\lafonpa01,27,BUF,C,52,20.80,1,12,11,,,53,95,148,11,,,,,,11.9,1.3,0.0,13.2
4,Adam Oates\oatesad01,30,BOS,C,28,11.20,0,6,10,,,45,97,142,15,,,,,,10.7,1.5,0.0,12.2
5,Pierre Turgeon\turgepi01,23,NYI,C,12,4.80,0,2,6,,,58,74,132,-1,,,,,,11.0,1.0,0.0,12.0
6,Teemu Selanne\selante01,22,WIN,RW,5,2.00,0,0,5,,,76,56,132,8,,,,,,12.2,1.3,0.0,13.4
7,Chris Chelios\chelich01,31,CHI,D,3,1.20,0,0,3,,,15,58,73,14,,,,,,4.8,6.3,0.0,11.1
8,Steve Yzerman\yzermst01,27,DET,C,2,0.80,0,0,2,,,58,79,137,33,,,,,,11.1,1.8,0.0,13.0
9,Eric Lindros\lindrer01,19,PHI,C,1,0.40,0,0,1,,,41,34,75,28,,,,,,6.4,1.4,0.0,7.8
1,Mark Messier\messima01,31,NYR,C,341,98.84,67,2,0,,,35,72,107,31,,,,,,8.1,1.7,0.0,9.9
2,Patrick Roy\roypa01,26,MTL,G,105,30.43,1,27,19,,,0,5,5,0,36,22,8,2.36,.914,0.0,0.0,13.5,13.5
3,Brett Hull\hullbr01,27,STL,RW,49,14.20,1,12,8,,,70,39,109,-2,,,,,,11.0,0.9,0.0,11.9
4,Kirk McLean\mcleaki01,25,VAN,G,37,10.72,0,11,4,,,0,5,5,0,38,17,9,2.74,.901,0.0,0.0,11.4,11.4
5,Mario Lemieux\lemiema01,26,PIT,C,29,8.41,0,7,18,,,44,87,131,27,,,,,,11.0,1.4,0.0,12.4
5,Jeremy Roenick\roenije01,22,CHI,C,29,8.41,0,5,14,,,53,50,103,23,,,,,,9.1,1.9,0.0,11.1
7,Steve Yzerman\yzermst01,26,DET,C,10,2.90,0,2,4,,,45,58,103,26,,,,,,8.7,1.4,0.0,10.1
8,Kevin Stevens\steveke01,26,PIT,LW,4,1.16,0,1,1,,,54,69,123,8,,,,,,10.6,1.0,0.0,11.5
9,Doug Gilmour\gilmodo01,28,TOT,C,3,0.87,0,1,0,,,26,61,87,25,,,,,,5.9,1.8,0.0,7.6
9,Scott Stevens\stevesc01,27,NJD,D,3,0.87,0,0,3,,,17,42,59,24,,,,,,4.6,4.6,0.0,9.2
9,Brian Leetch\leetcbr01,23,NYR,D,3,0.87,0,0,3,,,22,80,102,25,,,,,,8.1,5.1,0.0,13.2
9,Trevor Linden\lindetr01,21,VAN,RW,3,0.87,0,1,0,,,31,44,75,3,,,,,,5.2,1.1,0.0,6.3
13,Ray Bourque\bourqra01,31,BOS,D,1,0.29,0,0,1,,,21,60,81,11,,,,,,6.3,5.0,0.0,11.2
13,Tim Cheveldae\cheveti01,23,DET,G,1,0.29,0,0,1,,,0,4,4,0,38,23,9,3.20,.886,0.0,0.0,10.2,10.2
13,Bob Essensa\essenbo01,27,WIN,G,1,0.29,0,0,1,,,0,2,2,0,21,17,6,2.88,.910,0.0,0.0,10.1,10.1
13,Dale Hunter\hunteda02,31,WSH,C,1,0.29,0,0,1,,,28,50,78,-2,,,,,,5.1,0.8,0.0,6.0
13,Pat LaFontaine\lafonpa01,26,BUF,C,1,0.29,0,0,1,,,46,47,93,10,,,,,,8.9,1.0,0.0,9.9
1,Brett Hull\hullbr01,26,STL,RW,277,83.94,44,18,3,,,86,45,131,23,,,,,,13.8,1.5,0.0,15.4
2,Wayne Gretzky\gretzwa01,30,LAK,C,220,66.67,20,37,9,,,41,122,163,30,,,,,,13.0,1.5,0.0,14.5
3,Ed Belfour\belfoed01,25,CHI,G,63,19.09,2,7,32,,,0,3,3,0,43,19,7,2.47,.910,0.0,0.0,14.0,14.0
4,Ray Bourque\bourqra01,30,BOS,D,15,4.55,0,3,6,,,21,73,94,33,,,,,,7.6,5.6,0.0,13.2
5,Steve Larmer\larmest01,29,CHI,RW,5,1.52,0,1,2,,,44,57,101,37,,,,,,8.4,2.2,0.0,10.6
5,Theoren Fleury\fleurth01,22,CGY,RW,5,1.52,0,0,5,,,51,53,104,48,,,,,,9.2,2.1,0.0,11.2
7,Joe Sakic\sakicjo01,21,QUE,C,3,0.91,0,0,3,,,48,61,109,-26,,,,,,9.5,0.3,0.0,9.8
8,Al MacInnis\macinal01,27,CGY,D,2,0.61,0,0,2,,,28,75,103,42,,,,,,8.6,5.5,0.0,14.1
9,John MacLean\maclejo01,26,NJD,RW,1,0.30,0,0,1,,,45,33,78,8,,,,,,6.6,1.2,0.0,7.8
9,Mark Messier\messima01,30,EDM,C,1,0.30,0,0,1,,,12,52,64,15,,,,,,3.9,1.1,0.0,5.0
9,Mark Recchi\recchma01,22,PIT,RW,1,0.30,0,0,1,,,40,73,113,0,,,,,,8.9,0.6,0.0,9.5
9,Rick Tocchet\tocchri01,26,PHI,RW,1,0.30,0,0,1,,,40,31,71,2,,,,,,6.0,1.1,0.0,7.0
1,Mark Messier\messima01,29,EDM,C,227,72.06,29,24,10,,,45,84,129,19,,,,,,9.8,1.5,0.0,11.3
2,Ray Bourque\bourqra01,29,BOS,D,225,71.43,29,26,2,,,19,65,84,31,,,,,,6.1,6.4,0.0,12.5
3,Brett Hull\hullbr01,25,STL,RW,80,25.40,4,9,33,,,72,41,113,-1,,,,,,10.7,1.1,0.0,11.8
4,Wayne Gretzky\gretzwa01,29,LAK,C,16,5.08,1,2,5,,,40,102,142,8,,,,,,10.5,0.8,0.0,11.3
5,Pat LaFontaine\lafonpa01,24,NYI,C,8,2.54,0,1,5,,,54,51,105,-13,,,,,,8.9,0.6,0.0,9.5
5,Patrick Roy\roypa01,24,MTL,G,8,2.54,0,1,5,,,0,5,5,0,31,16,5,2.53,.912,0.0,0.0,11.9,11.9
7,Steve Yzerman\yzermst01,24,DET,C,3,0.95,0,0,3,,,62,65,127,-6,,,,,,11.1,0.7,0.0,11.8
1,Wayne Gretzky\gretzwa01,28,LAK,C,267,84.76,40,22,1,,,54,114,168,15,,,,,,13.2,0.9,0.0,14.1
2,Mario Lemieux\lemiema01,23,PIT,C,187,59.37,18,27,16,,,85,114,199,41,,,,,,17.7,1.9,0.0,19.6
3,Steve Yzerman\yzermst01,23,DET,C,109,34.60,5,14,42,,,65,90,155,17,,,,,,13.0,1.4,0.0,14.4
4,Patrick Roy\roypa01,23,MTL,G,2,0.63,0,0,2,,,0,6,6,0,33,5,6,2.47,.908,0.0,0.0,9.3,9.3
5,Joe Mullen\mullejo01,31,CGY,RW,1,0.32,0,0,1,,,51,59,110,51,,,,,,8.8,2.2,0.0,11.0
5,Chris Chelios\chelich01,27,MTL,D,1,0.32,0,0,1,,,15,58,73,35,,,,,,4.8,6.7,0.0,11.5
1,Mario Lemieux\lemiema01,22,PIT,C,292,92.70,54,7,1,,,70,98,168,23,,,,,,14.7,1.5,0.0,16.2
2,Grant Fuhr\fuhrgr01,25,EDM,G,106,33.65,4,25,11,,,0,8,8,,40,24,9,3.43,.881,0.0,0.0,11.3,11.3
3,Wayne Gretzky\gretzwa01,27,EDM,C,73,23.17,2,15,18,,,40,109,149,39,,,,,,11.3,1.6,0.0,12.8
4,Steve Yzerman\yzermst01,22,DET,C,64,20.32,3,11,16,,,50,52,102,30,,,,,,8.9,1.5,0.0,10.4
5,Denis Savard\savarde01,26,CHI,C,21,6.67,0,5,6,,,44,87,131,4,,,,,,9.8,1.2,0.0,11.0
6,Tom Barrasso\barrato01,22,BUF,G,5,1.59,0,0,5,,,0,1,1,,25,18,8,3.32,.896,0.0,0.0,11.0,11.0
7,Dale Hawerchuk\hawerda01,24,WIN,C,2,0.63,0,0,2,,,44,77,121,-9,,,,,,9.0,0.9,0.0,10.0
8,Ray Bourque\bourqra01,27,BOS,D,1,0.32,0,0,1,,,17,64,81,34,,,,,,5.5,6.2,0.0,11.7
8,Sean Burke\burkese01,21,NJD,G,1,0.32,0,0,1,,,0,1,1,,10,1,0,3.05,.883,0.0,0.0,1.7,1.7
8,Kirk Muller\mulleki01,21,NJD,C,1,0.32,0,0,1,,,37,57,94,19,,,,,,6.6,1.6,0.0,8.2
8,Gary Suter\suterga01,23,CGY,D,1,0.32,0,0,1,,,21,70,91,39,,,,,,6.7,4.4,0.0,11.1
1,Wayne Gretzky\gretzwa01,26,EDM,C,255,94.44,49,3,1,,,62,121,183,69,,,,,,15.2,2.4,0.0,17.6
2,Ray Bourque\bourqra01,26,BOS,D,95,35.19,2,24,13,,,23,72,95,44,,,,,,7.2,6.4,0.0,13.6
3,Mike Liut\liutmi01,31,HAR,G,39,14.44,1,7,13,,,0,2,2,0,31,22,5,3.23,.885,0.0,0.0,9.5,9.5
4,Mario Lemieux\lemiema01,21,PIT,C,34,12.59,2,6,6,,,54,53,107,12,,,,,,9.5,1.1,0.0,10.6
5,Doug Gilmour\gilmodo01,23,STL,C,30,11.11,0,9,3,,,42,63,105,-4,,,,,,7.8,1.1,0.0,8.9
6,Dale Hawerchuk\hawerda01,23,WIN,C,11,4.07,0,2,5,,,47,53,100,2,,,,,,7.9,1.2,0.0,9.1
7,Steve Yzerman\yzermst01,21,DET,C,5,1.85,0,1,2,,,31,59,90,-2,,,,,,5.9,1.2,0.0,7.1
7,Mark Howe\howema02,31,PHI,D,5,1.85,0,1,2,,,15,43,58,57,,,,,,4.1,6.5,0.0,10.5
9,Ron Francis\francro01,23,HAR,C,3,1.11,0,1,0,,,30,63,93,11,,,,,,6.4,1.3,0.0,7.7
9,Ron Hextall\hextaro01,22,PHI,G,3,1.11,0,0,3,,,0,6,6,0,37,21,6,3.01,.902,0.0,0.0,13.8,13.8
9,Mark Messier\messima01,26,EDM,C,3,1.11,0,0,3,,,37,70,107,22,,,,,,7.7,1.1,0.0,8.8
12,Dino Ciccarelli\ciccadi01,26,MNS,RW,2,0.74,0,0,2,,,52,51,103,11,,,,,,8.6,1.2,0.0,9.9
13,Kevin Dineen\dineeke01,23,HAR,RW,1,0.37,0,0,1,,,40,39,79,8,,,,,,6.0,1.3,0.0,7.3
1,Wayne Gretzky\gretzwa01,25,EDM,C,281,93.67,54,3,2,,,52,163,215,71,,,,,,14.9,2.1,0.0,17.0
2,Mario Lemieux\lemiema01,20,PIT,C,163,54.33,4,46,5,,,48,93,141,-8,,,,,,9.9,0.9,0.0,10.9
3,Mark Howe\howema02,30,PHI,D,32,10.67,0,5,17,,,24,58,82,87,,,,,,5.7,8.8,0.0,14.5
4,Paul Coffey\coffepa01,24,EDM,D,29,9.67,1,4,12,,,48,90,138,61,,,,,,11.0,5.1,0.0,16.1
5,John Vanbiesbrouck\vanbijo01,22,NYR,G,16,5.33,1,1,8,,,0,3,3,0,31,21,5,3.33,.887,0.0,0.0,10.0,10.0
6,Mike Bossy\bossymi01,29,NYI,RW,5,1.67,0,1,2,,,61,62,123,30,,,,,,9.4,1.6,0.0,11.0
7,Peter Stastny\stastpe01,29,QUE,C,3,1.00,0,0,3,,,41,81,122,2,,,,,,8.1,1.1,0.0,9.2
8,Neal Broten\brotene01,26,MNS,C,2,0.67,0,0,2,,,29,76,105,14,,,,,,6.1,1.4,0.0,7.4
8,Tim Kerr\kerrti01,26,PHI,RW,2,0.67,0,0,2,,,58,26,84,-2,,,,,,6.8,0.9,0.0,7.7
10,Ray Bourque\bourqra01,25,BOS,D,1,0.33,0,0,1,,,19,58,77,17,,,,,,5.1,5.0,0.0,10.1
10,Kevin Dineen\dineeke01,22,HAR,RW,1,0.33,0,0,1,,,33,35,68,15,,,,,,4.7,1.1,0.0,5.8
10,Bernie Federko\federbe01,29,STL,C,1,0.33,0,0,1,,,34,68,102,11,,,,,,6.2,1.3,0.0,7.5
10,Ron Francis\francro01,22,HAR,C,1,0.33,0,0,1,,,24,53,77,5,,,,,,4.9,0.8,0.0,5.7
10,Troy Murray\murratr01,23,CBH,C,1,0.33,0,0,1,,,45,54,99,32,,,,,,6.9,1.6,0.0,8.5
10,Brian Propp\proppbr01,26,PHI,LW,1,0.33,0,0,1,,,40,57,97,22,,,,,,6.6,1.5,0.0,8.0
10,Larry Robinson\robinla01,34,MTL,D,1,0.33,0,0,1,,,19,63,82,25,,,,,,5.5,5.8,0.0,11.3
1,Wayne Gretzky\gretzwa01,24,EDM,C,303,96.19,60,1,0,,,73,135,208,100,,,,,,16.6,3.0,0.0,19.6
2,Dale Hawerchuk\hawerda01,21,WIN,C,91,28.89,1,23,17,,,53,77,130,20,,,,,,9.8,1.3,0.0,11.1
3,Pelle Lindbergh\lindbpe01,25,PHI,G,56,17.78,0,15,11,,,0,0,0,0,40,17,7,3.02,.899,0.0,0.0,13.8,13.8
4,Rod Langway\langwro01,27,WSH,D,28,8.89,1,6,5,,,4,22,26,36,,,,,,0.5,6.4,0.0,6.9
5,Ray Bourque\bourqra01,24,BOS,D,21,6.67,0,5,6,,,20,66,86,30,,,,,,5.9,5.7,0.0,11.6
6,Brian Sutter\suttebr01,28,STL,LW,13,4.13,1,2,2,,,37,37,74,10,,,,,,4.8,1.2,0.0,6.0
7,Doug Wilson\wilsodo01,27,CBH,D,10,3.17,0,3,1,,,22,54,76,24,,,,,,5.3,4.8,0.0,10.1
8,Tom Barrasso\barrato01,19,BUF,G,9,2.86,0,2,3,,,0,6,6,0,25,18,10,2.67,.887,0.0,0.0,8.1,8.1
9,Tim Kerr\kerrti01,25,PHI,RW,7,2.22,0,1,4,,,54,44,98,31,,,,,,7.8,1.5,0.0,9.3
9,Marcel Dionne\dionnma01,33,LAK,C,7,2.22,0,1,4,,,46,80,126,11,,,,,,8.8,1.4,0.0,10.2
11,Mike Bossy\bossymi01,28,NYI,RW,6,1.90,0,1,3,,,58,59,117,37,,,,,,9.5,1.7,0.0,11.2
12,Michel Goulet\goulemi01,24,QUE,LW,4,1.27,0,1,1,,,55,40,95,10,,,,,,7.6,1.1,0.0,8.7
12,Bob Carpenter\carpebo01,21,WSH,C,4,1.27,0,1,1,,,53,42,95,20,,,,,,7.3,1.6,0.0,8.9
14,Jari Kurri\kurrija01,24,EDM,RW,3,0.95,0,1,0,,,71,64,135,78,,,,,,11.6,2.4,0.0,14.0
15,Paul Coffey\coffepa01,23,EDM,D,1,0.32,0,0,1,,,37,84,121,57,,,,,,9.5,5.3,0.0,14.8
15,Bernie Federko\federbe01,28,STL,C,1,0.32,0,0,1,,,30,73,103,-10,,,,,,6.4,0.7,0.0,7.1
15,Brent Sutter\suttebr02,22,NYI,C,1,0.32,0,0,1,,,42,60,102,42,,,,,,7.4,1.8,0.0,9.2
15,John Tonelli\toneljo01,27,NYI,LW,1,0.32,0,0,1,,,42,58,100,49,,,,,,7.0,2.1,0.0,9.0
15,Dave Poulin\poulida02,26,PHI,C,1,0.32,0,0,1,,,30,44,74,45,,,,,,4.5,1.9,0.0,6.4
1,Wayne Gretzky\gretzwa01,23,EDM,C,306,98.71,60,2,0,,,87,118,205,78,,,,,,17.4,2.2,0.0,19.6
2,Rod Langway\langwro01,26,WSH,D,102,32.90,1,26,19,,,9,24,33,14,,,,,,1.2,6.3,0.0,7.6
3,Bryan Trottier\trottbr01,27,NYI,C,54,17.42,1,14,7,,,40,71,111,68,,,,,,8.0,2.3,0.0,10.3
4,Rick Middleton\middlri01,30,BOS,RW,31,10.00,0,8,7,,,47,58,105,26,,,,,,7.5,1.8,0.0,9.3
5,Ray Bourque\bourqra01,23,BOS,D,17,5.48,0,4,5,,,31,65,96,51,,,,,,7.3,7.2,0.0,14.5
6,Mike Bossy\bossymi01,27,NYI,RW,13,4.19,0,3,4,,,51,67,118,65,,,,,,9.3,2.2,0.0,11.5
7,Michel Goulet\goulemi01,23,QUE,LW,12,3.87,0,2,6,,,56,66,122,62,,,,,,9.3,2.3,0.0,11.6
8,Reggie Lemelin\lemelre01,29,CGY,G,6,1.94,0,1,3,,,0,3,3,0,21,12,9,3.52,.893,0.0,0.0,9.6,9.6
9,Tom Barrasso\barrato01,18,BUF,G,4,1.29,0,1,1,,,0,2,2,0,26,12,3,2.85,.893,0.0,0.0,7.5,7.5
10,Paul Coffey\coffepa01,22,EDM,D,3,0.97,0,1,0,,,40,86,126,52,,,,,,9.9,4.4,0.0,14.3
11,Tim Kerr\kerrti01,24,PHI,RW,2,0.65,0,0,2,,,54,39,93,29,,,,,,7.2,1.4,0.0,8.6
11,Peter Stastny\stastpe01,27,QUE,C,2,0.65,0,0,2,,,46,73,119,22,,,,,,8.3,1.3,0.0,9.6
12,Brad Park\parkbr01,35,DET,D,1,0.32,0,0,1,,,5,53,58,-31,,,,,,2.8,2.6,0.0,5.4
12,Denis Savard\savarde01,22,CBH,C,1,0.32,0,0,1,,,37,57,94,-12,,,,,,6.2,0.8,0.0,7.0
12,Al Jensen\jenseal01,25,WSH,G,1,0.32,0,0,1,,,0,0,0,0,25,13,3,2.92,.881,0.0,0.0,5.8,5.8
12,Dan Bouchard\bouchda01,33,QUE,G,1,0.32,0,0,1,,,0,3,3,0,29,18,8,3.21,.882,0.0,0.0,9.1,9.1
12,Barry Pederson\pederba01,22,BOS,C,1,0.32,0,0,1,,,39,77,116,27,,,,,,7.7,1.8,0.0,9.5
12,Kent Nilsson\nilsske01,27,CGY,C,1,0.32,0,0,1,,,31,49,80,-24,,,,,,5.1,0.2,0.0,5.3
1,Wayne Gretzky\gretzwa01,22,EDM,C,266,84.44,43,16,3,,,71,125,196,61,,,,,,16.1,1.9,0.0,18.0
2,Pete Peeters\peetepe01,25,BOS,G,159,50.48,14,27,8,,,0,2,2,0,40,12,9,2.37,.903,0.0,0.0,16.5,16.5
3,Denis Savard\savarde01,21,CBH,C,67,21.27,3,10,22,,,35,86,121,26,,,,,,8.0,1.6,0.0,9.6
4,Rod Langway\langwro01,25,WSH,D,30,9.52,1,6,7,,,3,29,32,-2,,,,,,0.9,4.3,0.0,5.2
5,Mark Howe\howema02,27,PHI,D,20,6.35,2,0,10,,,20,47,67,47,,,,,,4.5,6.3,0.0,10.8
6,Bobby Clarke\clarkbo01,33,PHI,C,9,2.86,,,,,,23,62,85,37,,,,,,4.4,1.8,0.0,6.1
7,Peter Stastny\stastpe01,26,QUE,C,5,1.59,,,,,,47,77,124,29,,,,,,9.1,1.3,0.0,10.4
8,Lanny McDonald\mcdonla01,29,CGY,RW,4,1.27,,,,,,66,32,98,-1,,,,,,8.8,1.0,0.0,9.8
9,Glenn Resch\reschgl01,34,NJD,G,2,0.63,0,0,2,,,0,3,3,0,15,35,12,3.98,.875,0.0,0.0,9.2,9.2
10,Mike Bossy\bossymi01,26,NYI,RW,1,0.32,0,0,1,,,60,58,118,27,,,,,,9.4,1.8,0.0,11.2
10,John Tonelli\toneljo01,25,NYI,LW,1,0.32,0,0,1,,,31,40,71,30,,,,,,4.2,1.8,0.0,6.0
10,Mark Pavelich\pavelma02,24,NYR,C,1,0.32,0,0,1,,,37,38,75,19,,,,,,4.8,1.5,0.0,6.2
10,Brad Park\parkbr01,34,BOS,D,1,0.32,0,0,1,,,10,26,36,20,,,,,,1.8,5.2,0.0,6.9
10,Brian Sutter\suttebr01,26,STL,LW,1,0.32,0,0,1,,,46,30,76,-3,,,,,,5.5,1.2,0.0,6.7
1,Wayne Gretzky\gretzwa01,21,EDM,C,315,100.00,63,0,0,,,92,120,212,80,,,,,,17.2,2.5,0.0,19.7
2,Bryan Trottier\trottbr01,25,NYI,C,130,41.27,0,41,7,,,50,79,129,70,,,,,,8.7,2.4,0.0,11.2
3,Mike Bossy\bossymi01,25,NYI,RW,34,10.79,0,10,4,,,64,83,147,69,,,,,,10.9,2.4,0.0,13.3
4,Peter Stastny\stastpe01,25,QUE,C,15,4.76,0,2,9,,,46,93,139,-10,,,,,,9.1,0.7,0.0,9.8
5,Dale Hawerchuk\hawerda01,18,WIN,C,13,4.13,0,2,7,,,45,58,103,-7,,,,,,6.8,1.0,0.0,7.9
6,Barry Beck\beckba01,24,NYR,D,10,3.17,0,3,1,,,9,29,38,20,,,,,,2.0,4.2,0.0,6.2
6,Dennis Maruk\marukde01,26,WSH,C,10,3.17,0,0,10,,,60,76,136,-7,,,,,,9.9,1.1,0.0,11.0
8,Rick Middleton\middlri01,28,BOS,RW,7,2.22,0,1,4,,,51,43,94,15,,,,,,7.0,1.4,0.0,8.4
9,Doug Wilson\wilsodo01,24,CBH,D,6,1.90,0,0,6,,,39,46,85,1,,,,,,6.9,3.4,0.0,10.3
10,Bobby Smith\smithbo01,23,MNS,C,5,1.59,0,1,2,,,43,71,114,10,,,,,,7.3,1.4,0.0,8.7
10,Denis Savard\savarde01,20,CBH,C,5,1.59,0,1,2,,,32,87,119,0,,,,,,7.0,1.0,0.0,7.9
12,Gilles Meloche\melocgi01,31,MNS,G,3,0.95,0,1,0,,,0,1,1,0,26,15,9,3.48,.894,0.0,0.0,10.0,10.0
14,Richard Brodeur\broderi01,29,VAN,G,2,0.63,0,0,2,,,0,2,2,0,20,18,12,3.36,.893,0.0,0.0,10.3,10.3
15,Terry O'Reilly\oreilte01,30,BOS,RW,1,0.32,0,0,1,,,22,30,52,24,,,,,,2.2,1.6,0.0,3.8
15,Brad Park\parkbr01,33,BOS,D,1,0.32,0,0,1,,,14,42,56,12,,,,,,3.4,4.9,0.0,8.2
15,Dino Ciccarelli\ciccadi01,21,MNS,RW,1,0.32,0,0,1,,,55,51,106,14,,,,,,7.7,1.5,0.0,9.2
15,Bob Gainey\gainebo01,28,MTL,LW,1,0.32,0,0,1,,,21,24,45,36,,,,,,1.2,1.8,0.0,3.0
15,Paul Gardner\gardnpa01,25,PIT,C,1,0.32,0,0,1,,,36,33,69,-5,,,,,,4.7,0.8,0.0,5.5
15,Ray Bourque\bourqra01,21,BOS,D,1,0.32,0,0,1,,,17,49,66,21,,,,,,4.5,4.8,0.0,9.2
15,Al Secord\secoral01,23,CBH,LW,1,0.32,0,0,1,,,44,31,75,-17,,,,,,4.8,0.5,0.0,5.3
15,Bill Barber\barbebi01,29,PHI,LW,1,0.32,0,0,1,,,45,44,89,2,,,,,,5.7,0.9,0.0,6.6
15,Brian Sutter\suttebr01,25,STL,LW,1,0.32,0,0,1,,,39,36,75,-3,,,,,,4.7,0.9,0.0,5.6
1,Wayne Gretzky\gretzwa01,20,EDM,C,242,42.68,,,,,,55,109,164,41,,,,,,12.3,2.0,0.0,14.3
2,Mike Liut\liutmi01,25,STL,G,237,41.80,,,,,,0,0,0,0,33,14,13,3.35,.894,0.0,0.0,11.6,11.6
3,Marcel Dionne\dionnma01,29,LAK,C,24,4.23,,,,,,58,77,135,54,,,,,,10.5,2.3,0.0,12.8
4,Mike Bossy\bossymi01,24,NYI,RW,20,3.53,,,,,,68,51,119,38,,,,,,10.2,1.8,0.0,12.0
5,Bryan Trottier\trottbr01,24,NYI,C,9,1.59,,,,,,31,72,103,50,,,,,,6.6,2.1,0.0,8.7
6,Larry Robinson\robinla01,29,MTL,D,7,1.23,,,,,,12,38,50,47,,,,,,3.2,6.1,0.0,9.3
7,Dan Bouchard\bouchda01,30,TOT,G,6,1.06,,,,,,0,4,4,,23,10,8,3.44,.892,0.0,0.0,7.9,7.9
8,Kent Nilsson\nilsske01,24,CGY,C,5,0.88,,,,,,49,82,131,14,,,,,,9.5,1.4,0.0,10.9
9,Denis Potvin\potvide01,27,NYI,D,4,0.71,,,,,,20,56,76,39,,,,,,5.4,5.6,0.0,11.0
10,Danny Gare\gareda01,26,BUF,RW,3,0.53,,,,,,46,39,85,12,,,,,,6.3,1.3,0.0,7.7
11,Randy Carlyle\carlyra01,24,PIT,D,2,0.35,,,,,,16,67,83,-16,,,,,,5.4,3.0,0.0,8.5
11,Peter Stastny\stastpe01,24,QUE,C,2,0.35,,,,,,39,70,109,10,,,,,,7.3,1.3,0.0,8.6
11,Mario Lessard\lessama01,26,LAK,G,2,0.35,,,,,,0,1,1,0,35,18,11,3.26,.893,0.0,0.0,12.6,12.6
14,Don Edwards\edwardo01,25,BUF,G,1,0.18,,,,,,0,2,2,0,23,10,12,2.96,.898,0.0,0.0,10.1,10.1
14,Tiger Williams\williti01,26,VAN,LW,1,0.18,,,,,,35,27,62,4,,,,,,3.8,1.2,0.0,5.0
14,Guy Lafleur\laflegu01,29,MTL,RW,1,0.18,,,,,,27,43,70,24,,,,,,5.0,1.3,0.0,6.3
14,Ray Bourque\bourqra01,20,BOS,D,1,0.18,,,,,,27,29,56,29,,,,,,4.5,5.1,0.0,9.6
1,Wayne Gretzky\gretzwa01,19,EDM,C,211,38.43,,,,,,51,86,137,14,,,,,,11.3,1.3,0.0,12.6
2,Marcel Dionne\dionnma01,28,LAK,C,166,30.24,,,,,,53,84,137,34,,,,,,11.6,2.0,0.0,13.5
3,Tony Esposito\esposto01,36,CBH,G,64,11.66,,,,,,0,1,1,0,31,22,16,2.98,.903,0.0,0.0,14.0,14.0
4,Guy Lafleur\laflegu01,28,MTL,RW,44,8.01,,,,,,50,75,125,40,,,,,,10.8,2.0,0.0,12.8
5,Danny Gare\gareda01,25,BUF,RW,20,3.64,,,,,,56,33,89,48,,,,,,8.3,2.1,0.0,10.4
6,Mike Liut\liutmi01,24,STL,G,14,2.55,,,,,,0,0,0,0,32,23,9,3.18,.895,0.0,0.0,11.4,11.4
7,Larry Robinson\robinla01,28,MTL,D,9,1.64,,,,,,14,61,75,38,,,,,,5.5,5.9,0.0,11.4
8,Darryl Sittler\sittlda01,29,TOR,C,8,1.46,,,,,,40,57,97,3,,,,,,7.7,1.0,0.0,8.7
9,Denis Potvin\potvide01,26,NYI,D,7,1.28,,,,,,8,33,41,13,,,,,,3.2,2.4,0.0,5.6
10,Bobby Clarke\clarkbo01,30,PHI,C,6,1.09,,,,,,12,57,69,42,,,,,,3.3,1.6,0.0,4.9